0,22,0,2,0,0,0
0,23,0,2,0,0,0
0,24,0,2,0,0,0
0,21,0,2,0,0,3
0,25,0,2,0,0,0
0,22,0,2,0,0,0
0,21,0,2,0,0,0
0,24,0,3,0,0,0
0,18,0,2,0,0,0
0,22,0,2,0,0,0
0,22,0,2,0,0,0
0,23,0,2,0,0,0
0,21,0,2,0,0,0
0,24,0,3,0,0,0
0,18,0,2,0,0,0
0,20,0,2,0,0,0
0,25,0,2,0,0,0
0,20,0,2,0,0,0
0,23,0,3,0,0,0
0,18,0,2,0,0,0
0,21,0,2,0,0,0
0,18,0,2,3,0,0
0,21,0,2,0,0,0
0,24,0,3,0,0,0
0,25,0,3,0,0,0
0,21,0,2,0,0,0
0,21,0,2,0,0,0
0,23,0,2,0,0,0
0,21,0,2,0,0,0
0,26,0,3,0,0,0
0,24,0,2,0,0,0
0,21,0,2,0,0,0
0,21,0,2,0,0,0
0,16,0,2,0,0,0
0,25,0,3,0,0,0
0,23,0,2,0,0,4
0,21,0,2,0,0,0
0,22,0,2,0,0,0
0,23,0,2,0,0,3
0,23,0,3,0,0,0
0,21,0,2,0,0,0
0,20,0,2,0,0,0
0,25,0,3,0,0,0
0,25,0,2,0,0,0
0,20,0,2,0,0,0
0,21,0,2,0,0,0
0,17,0,2,0,0,0
0,25,0,2,0,0,4
0,20,0,2,0,0,0
0,26,0,2,0,0,0
0,21,0,2,0,0,0
0,22,0,2,3,0,4
0,19,0,2,0,0,0
0,22,0,2,0,0,0
0,20,0,2,0,0,1
0,22,0,2,0,0,0
0,19,0,2,0,0,0
0,25,0,2,0,0,0
0,25,0,3,0,0,0
0,25,0,3,0,0,0
0,31,0,2,0,0,6
0,24,0,2,0,0,0
0,22,0,2,0,0,0
0,25,0,3,0,0,0
0,21,0,2,0,0,0
0,26,0,2,0,0,6
0,24,0,3,0,0,0
0,24,0,2,0,0,0
0,21,0,2,0,0,0
0,23,0,2,0,0,3
0,22,0,2,0,0,3
0,22,0,2,0,0,0
0,24,0,2,0,0,4
0,29,0,2,0,0,0
0,24,0,3,0,0,0
0,28,0,3,0,0,0
0,25,0,2,0,0,0
0,21,0,2,0,0,2
0,29,0,2,0,0,6
0,18,0,2,0,0,0
0,21,0,2,0,0,0
0,20,0,2,0,0,2
0,25,0,3,0,0,0
0,18,0,2,0,0,0
0,22,0,2,0,0,3
0,21,0,2,0,0,0
0,21,0,2,0,0,0
0,24,0,3,0,0,0
0,24,0,2,0,0,4
0,20,0,2,0,0,2
0,23,0,2,0,0,0
0,33,0,2,0,0,0
0,25,0,3,0,0,0
0,24,0,2,0,0,5
0,21,0,2,0,0,2
0,21,0,2,0,0,0
0,22,0,2,0,0,3
0,24,0,3,0,0,0
0,25,0,3,0,0,0
0,26,0,2,0,0,5
0,25,0,3,0,0,0
0,28,0,2,0,0,6
0,20,0,2,0,0,0
0,21,0,3,0,0,0
0,26,0,2,0,0,0
0,19,0,2,0,0,0
0,25,0,3,0,0,0
0,23,0,2,0,0,0
0,26,0,2,0,0,0
0,19,0,2,0,0,0
0,23,0,2,0,0,0
0,26,0,2,0,0,5
0,21,0,2,0,0,3
0,32,0,2,0,0,9
0,20,0,2,0,0,2
0,24,0,3,0,0,0
0,24,0,3,0,0,0
0,21,0,2,0,0,0
0,22,0,2,0,0,4
0,25,0,2,0,0,0
0,25,0,2,0,0,5
0,24,0,2,0,0,5
0,19,0,2,0,0,0
0,25,0,3,0,0,0
0,23,0,2,0,0,2
0,22,0,2,0,0,3
0,19,0,2,0,0,1
0,25,0,2,0,0,0
0,22,0,2,0,0,3
0,23,0,2,0,0,2
0,30,0,2,0,0,8
0,23,0,2,0,0,0
0,21,0,2,0,0,0
0,21,0,2,0,0,0
0,30,0,2,0,0,0
0,21,0,2,0,0,2
0,21,0,2,0,0,0
0,29,0,2,0,0,0
0,26,0,2,0,0,0
0,24,0,2,0,0,4
0,21,0,2,0,0,0
0,21,0,2,0,0,0
0,25,0,3,0,0,0
0,25,0,2,0,0,0
0,27,0,2,0,0,0
0,23,0,2,0,0,0
0,20,0,2,0,0,1
0,27,0,2,0,0,0
0,21,0,2,0,0,0
0,21,0,2,0,0,0
0,23,0,2,0,0,2
0,24,0,3,0,0,0
0,26,0,2,0,0,0
0,25,0,3,0,0,0
0,24,0,2,0,0,3
0,22,0,3,0,0,0
0,20,0,2,0,0,0
0,19,0,2,0,0,0
0,19,0,2,1,0,0
0,25,0,2,0,0,5
0,21,0,2,0,0,0
0,20,0,2,0,0,3
0,21,0,2,0,0,2
0,20,0,2,0,0,0
0,23,0,2,0,0,0
0,24,0,3,0,0,0
0,22,0,2,0,0,4
0,26,0,2,0,0,0
0,27,0,3,0,0,0
0,21,0,2,1,0,2
0,27,0,2,0,0,0
0,23,0,2,0,0,0
0,23,0,2,0,0,4
0,21,0,2,0,0,0
0,28,0,2,0,0,0
0,31,0,3,0,0,6
0,22,0,2,0,0,0
0,21,0,2,0,0,0
0,21,0,2,0,0,0
0,19,0,2,0,0,2
0,20,0,2,4,0,0
0,25,0,3,0,0,0
0,24,0,2,0,0,0
0,25,0,3,0,0,0
0,21,0,2,0,0,0
0,25,0,3,0,0,0
0,20,0,2,0,0,0
0,26,0,2,0,0,0
0,28,0,2,0,0,6
0,27,0,3,0,0,0
0,21,0,2,0,0,0
0,36,0,2,0,0,13
0,21,0,2,0,0,0
0,30,0,2,0,0,0
0,22,0,2,0,0,0
0,24,0,3,0,0,2
0,25,0,2,0,0,4
0,25,0,2,0,0,3
0,19,0,2,0,0,2
0,21,0,2,0,0,0
0,24,0,2,0,0,5
0,21,0,2,0,0,2
0,21,0,2,0,0,2
0,21,0,2,0,0,0
0,24,0,2,0,0,5
0,23,0,2,0,0,0
0,20,0,2,0,0,0
0,24,0,2,0,0,5
0,21,0,2,0,0,0
0,21,0,2,0,0,0
0,23,0,2,0,0,0
0,21,0,2,0,0,0
0,25,0,2,1,0,0
0,22,0,3,0,0,0
0,25,0,2,0,0,5
0,21,0,2,0,0,0
0,27,0,3,0,0,0
0,23,0,2,0,0,0
0,26,0,2,0,0,0
0,23,0,2,0,0,3
0,25,0,2,0,0,3
0,23,0,2,0,0,4
0,22,0,2,0,0,4
0,21,0,2,0,0,0
0,24,0,2,0,0,4
0,25,0,3,0,0,0
0,21,0,2,0,0,0
0,19,0,2,0,0,2
0,29,0,2,0,0,7
0,24,0,2,0,0,4
0,22,0,2,1,0,4
0,26,0,2,0,0,6
0,29,0,2,0,0,6
0,23,0,2,0,0,0
0,25,0,2,0,0,5
0,23,0,2,0,0,4
0,22,0,2,0,0,4
0,23,0,2,0,0,0
0,20,0,2,0,0,2
0,26,0,2,0,0,6
0,24,0,2,0,0,0
0,25,0,2,0,0,0
0,20,0,2,0,0,0
0,27,0,3,0,0,0
0,21,0,2,0,0,0
0,25,0,2,0,0,5
0,26,0,3,0,0,4
0,18,0,2,0,0,2
0,21,0,2,0,0,0
0,26,0,2,0,0,4
0,23,1,2,0,0,4
0,22,0,2,0,0,0
0,25,0,3,0,0,0
0,26,0,2,0,0,0
0,21,0,2,0,0,0
0,20,0,2,1,0,2
0,21,0,2,0,0,0
0,23,0,2,0,0,4
0,24,0,2,0,0,5
0,23,0,2,0,0,0
0,21,0,2,1,0,2
0,22,0,2,0,0,0
0,22,0,2,0,0,3
0,27,0,2,0,0,0
0,25,0,2,0,0,4
0,22,0,2,0,0,0
0,25,0,2,0,0,5
0,25,0,2,0,0,0
0,18,0,2,0,0,2
0,22,0,2,0,0,4
0,22,0,2,0,0,3
0,23,0,2,0,0,3
0,24,0,3,0,0,3
0,33,1,2,0,0,12
0,23,0,2,0,0,0
0,27,0,2,0,0,5
0,22,0,2,0,0,0
0,22,0,2,0,0,2
0,26,0,2,0,0,5
0,22,0,2,0,0,3
0,21,0,2,0,0,0
0,27,0,2,0,0,0
0,24,0,2,1,0,5
0,21,0,2,0,0,0
0,21,0,2,0,0,0
0,24,0,2,0,0,5
0,22,0,2,0,0,2
0,23,0,2,0,0,4
0,24,0,2,0,0,0
0,31,0,3,0,0,0
0,23,0,2,0,0,0
0,22,0,2,0,0,0
0,25,0,2,0,0,5
0,21,0,2,0,0,0
0,21,0,2,0,0,0
0,30,0,2,0,0,0
0,24,0,3,0,0,0
0,28,0,2,0,0,0
0,19,0,2,0,0,1
0,22,0,3,0,0,2
0,23,0,2,0,0,4
0,19,0,2,0,0,0
0,23,0,3,0,0,3
0,22,0,2,0,0,3
0,23,0,2,1,0,5
0,25,0,2,0,0,0
0,28,0,2,0,0,0
0,25,0,2,0,0,4
0,26,0,2,0,0,5
0,23,0,2,0,0,2
0,21,0,2,0,0,0
0,18,0,2,0,0,1
0,21,0,2,0,0,0
0,23,0,2,0,0,4
0,21,0,2,0,0,0
0,23,0,2,0,0,4
0,23,0,2,0,0,4
0,24,0,2,0,0,2
0,22,0,2,0,0,3
0,26,0,2,0,0,5
0,25,0,2,0,0,5
0,22,0,2,0,0,2
0,22,0,2,0,0,0
0,24,0,2,0,0,4
0,31,0,2,0,0,0
0,19,0,2,0,0,0
0,23,0,2,0,0,4
0,20,0,2,0,0,2
0,25,0,2,0,0,5
0,23,0,2,0,0,0
0,26,0,2,0,0,4
0,24,0,2,0,0,4
0,21,0,2,0,0,2
0,20,0,2,0,0,2
0,24,0,2,0,0,5
0,23,0,2,0,0,4
0,21,0,2,0,0,3
0,21,0,2,3,0,3
0,20,0,2,0,0,2
0,18,0,2,0,0,1
0,21,0,2,0,0,0
0,27,0,2,0,0,0
0,21,0,2,0,0,0
0,20,0,2,4,0,3
0,22,0,2,0,0,3
0,23,0,2,0,0,3
0,18,0,2,0,0,0
0,27,0,2,0,0,0
0,29,0,2,0,0,4
0,20,0,2,0,0,0
0,24,0,2,1,0,4
0,21,0,2,0,0,2
0,22,0,2,1,0,3
0,29,0,2,0,0,0
0,29,0,3,0,0,0
0,25,0,2,0,0,5
0,22,0,2,0,0,0
0,21,0,2,0,0,0
0,23,0,2,0,0,0
0,21,0,2,0,0,3
0,24,0,2,0,0,4
0,23,0,2,0,0,4
0,22,0,2,0,0,0
0,22,0,2,0,0,0
0,22,0,2,0,0,0
0,18,0,2,0,0,2
0,20,0,2,0,0,0
0,27,0,3,0,0,5
0,22,0,2,0,0,0
0,20,0,2,0,0,1
0,27,0,2,3,0,8
0,27,0,2,0,0,4
0,26,0,2,0,0,4
0,27,0,2,0,0,4
0,18,0,2,0,0,0
0,18,0,2,0,0,2
0,20,0,2,0,0,3
0,18,0,2,0,0,1
0,25,0,2,0,0,5
0,28,0,2,0,0,8
0,24,0,2,0,0,5
0,25,0,2,0,0,0
0,30,0,2,0,0,8
0,24,0,2,0,0,3
0,24,0,2,0,0,5
0,24,0,3,0,0,2
0,25,0,2,3,0,3
0,19,0,2,0,0,0
0,19,0,2,0,0,0
0,31,0,2,0,0,0
0,24,0,2,0,0,5
0,26,0,2,0,0,6
0,31,0,3,0,0,6
0,24,0,2,0,0,4
0,27,0,3,0,0,0
0,24,0,2,0,0,5
0,19,0,2,0,0,1
0,19,0,2,3,0,0
0,24,0,2,0,0,4
0,20,0,2,0,0,3
0,23,0,2,0,0,0
0,26,0,2,0,0,6
0,18,0,2,0,0,0
0,20,0,2,0,0,1
0,25,0,3,0,0,0
0,32,0,2,0,0,9
0,17,0,2,0,0,0
0,25,0,2,0,0,5
0,27,0,2,0,0,0
0,24,0,2,0,0,4
0,23,0,2,0,0,0
0,23,0,2,0,0,4
0,22,0,2,0,0,4
0,22,0,2,0,0,0
0,20,0,2,0,0,0
0,25,0,2,0,0,4
0,23,1,2,0,0,4
0,24,0,2,0,0,0
0,21,0,2,0,0,0
0,26,0,2,0,0,6
0,20,0,2,0,0,2
0,20,0,2,0,0,2
0,27,0,2,0,0,5
0,31,0,2,5,0,11
0,29,0,2,0,0,5
0,24,0,2,0,0,5
0,18,0,2,0,0,1
0,29,0,2,0,0,7
0,27,0,2,0,0,7
0,25,0,2,0,0,5
0,31,1,2,0,0,9
0,20,0,2,0,0,2
0,29,0,2,0,0,7
0,21,0,2,0,0,2
0,25,0,2,0,0,4
0,31,0,3,0,0,6
0,19,0,2,0,0,0
0,27,0,3,0,0,0
0,22,0,2,0,0,0
0,24,0,3,0,0,0
0,23,0,2,0,0,0
0,19,0,2,0,0,0
0,26,0,2,0,0,3
0,21,0,2,0,0,0
0,24,0,2,0,0,5
0,23,0,2,0,0,0
0,21,0,3,0,0,2
0,19,0,2,0,0,2
0,24,0,2,0,0,0
0,23,0,3,0,0,0
0,25,0,2,0,0,0
0,24,0,3,0,0,2
0,21,0,2,0,0,0
0,23,0,2,0,0,4
0,21,0,2,0,0,3
0,21,0,2,0,0,2
0,23,0,2,0,0,4
0,31,0,2,0,0,9
0,27,0,2,0,0,7
0,25,0,2,0,0,6
0,25,0,2,0,0,0
0,18,0,2,0,0,1
0,28,0,3,0,0,0
0,21,0,2,0,0,0
0,23,0,2,0,0,4
0,29,0,3,0,0,0
0,21,0,2,0,0,3
0,22,0,2,0,0,0
0,22,0,2,0,0,3
0,23,0,2,1,0,4
0,22,0,2,0,0,0
0,21,0,2,0,0,2
0,25,0,2,0,0,6
0,20,0,2,2,0,2
0,23,0,2,1,0,5
0,23,0,2,0,0,4
0,25,0,2,0,0,0
0,26,0,2,1,0,6
0,19,0,2,0,0,0
0,22,0,2,0,0,3
0,22,0,2,0,0,3
0,24,0,2,0,0,0
0,23,0,2,0,0,0
0,24,0,2,0,0,4
0,22,0,2,0,0,0
0,23,0,2,0,0,3
0,20,0,2,0,0,0
0,26,0,2,0,0,3
0,26,0,2,0,0,0
0,21,0,2,0,0,3
0,19,0,2,3,0,2
0,22,0,3,0,0,2
0,23,0,2,0,0,2
0,20,0,2,0,0,2
0,19,0,2,0,0,1
0,31,0,2,0,0,9
0,24,0,2,1,0,5
0,23,0,2,0,0,4
0,26,0,2,0,0,0
0,21,0,2,0,0,2
0,26,0,2,0,0,3
0,19,0,2,0,0,0
0,26,0,2,0,0,6
0,24,0,2,0,0,3
0,20,0,2,0,0,0
0,22,0,2,0,0,3
0,20,0,2,0,0,0
0,28,0,2,0,0,7
0,21,0,2,0,0,0
0,26,0,2,0,0,5
0,21,0,2,0,0,0
0,18,0,2,0,0,1
0,27,0,2,2,0,7
0,21,0,3,0,0,0
0,25,0,2,0,0,0
0,30,0,2,0,0,6
0,20,0,2,0,0,2
0,26,0,2,0,0,6
0,18,0,2,0,0,1
0,30,1,2,0,0,9
0,25,0,2,0,0,4
0,31,0,2,0,0,8
0,20,0,2,0,0,1
0,19,0,2,0,0,2
0,21,0,2,0,0,3
0,19,0,2,0,0,0
0,22,0,2,0,0,3
0,24,0,2,0,0,5
0,22,0,2,2,0,4
0,22,0,2,0,0,2
0,20,0,2,0,0,2
0,19,0,2,0,0,1
0,16,0,2,0,0,0
0,23,0,2,0,0,3
0,20,0,2,0,0,0
0,21,0,2,0,0,3
0,19,0,2,0,0,0
0,25,0,2,0,0,5
0,27,1,2,0,0,0
0,24,0,2,0,0,5
0,19,0,2,0,0,0
0,25,0,3,0,0,3
0,23,0,2,0,0,4
0,18,0,2,0,0,1
0,31,0,2,0,0,0
0,19,0,2,0,0,0
0,19,0,2,0,0,1
0,26,0,2,0,0,6
0,23,0,2,0,0,0
0,24,0,3,0,0,2
0,27,0,2,0,0,0
0,19,0,2,0,0,2
0,24,0,2,0,0,0
0,21,0,2,0,0,3
0,27,0,3,0,0,6
0,23,0,2,0,0,4
0,32,0,2,0,0,9
0,24,0,2,0,0,0
0,22,0,2,0,0,4
0,21,0,2,0,0,3
0,25,0,3,0,0,0
0,25,0,2,0,0,3
0,22,0,2,0,0,3
0,24,0,2,0,0,4
0,23,0,2,0,0,4
0,22,0,2,0,0,3
0,20,0,2,0,0,2
0,25,0,3,0,0,0
0,23,0,2,0,0,0
0,23,0,2,0,0,0
0,24,0,2,0,0,2
0,27,0,2,0,0,4
0,24,0,2,0,0,3
0,19,0,2,0,0,2
0,23,0,2,0,0,4
0,26,0,2,0,0,4
0,25,0,2,0,0,5
0,21,0,2,1,0,2
0,25,0,3,0,0,0
0,29,0,2,0,0,5
0,21,0,2,0,0,0
0,21,0,2,3,0,4
0,23,0,2,0,0,0
0,18,0,2,0,0,1
0,29,0,2,0,0,9
0,25,0,2,0,0,5
0,26,0,2,0,0,0
0,21,0,2,0,0,3
0,25,0,2,0,0,4
0,26,0,2,2,0,6
0,28,0,2,0,0,0
0,19,0,2,0,0,2
0,28,0,2,0,0,7
0,25,0,2,0,0,5
0,27,0,3,0,0,4
0,21,0,2,0,0,2
0,22,0,2,0,0,3
0,20,0,2,0,0,0
0,24,0,2,0,0,0
0,20,0,2,0,0,2
0,28,0,2,0,0,7
0,21,0,2,0,0,1
0,21,0,2,0,0,3
0,25,0,2,0,0,4
0,22,0,2,3,0,4
0,20,0,2,0,0,2
0,28,0,2,0,0,0
0,22,0,2,0,0,4
0,18,0,2,0,0,1
0,23,0,2,1,0,4
0,20,0,2,0,0,2
0,21,0,2,0,0,0
0,21,0,2,0,0,2
0,28,0,2,0,0,6
0,24,0,2,0,0,5
0,25,0,2,0,0,5
0,21,0,2,0,0,3
0,23,0,2,0,0,4
0,25,0,2,0,0,4
0,21,0,2,0,0,0
0,25,0,3,0,0,0
0,22,0,2,0,0,4
0,20,0,2,0,0,3
0,26,0,2,0,0,6
0,20,0,2,0,0,0
0,19,0,2,0,0,2
0,25,0,3,0,0,2
0,18,0,2,0,0,0
0,24,0,2,0,0,4
0,19,0,2,0,0,0
0,24,0,2,1,0,5
0,21,0,2,0,0,2
0,20,0,2,0,0,2
0,22,0,3,0,0,1
0,24,0,2,0,0,5
0,23,0,2,0,0,0
0,22,0,3,0,0,1
0,22,0,2,1,0,3
0,24,0,2,0,0,5
0,27,0,2,0,0,0
0,27,0,3,0,0,0
0,18,0,2,1,0,2
0,29,0,3,0,0,0
0,24,0,2,0,0,0
0,18,0,2,0,0,1
0,27,0,2,0,0,7
0,24,0,2,0,0,4
0,21,0,2,1,0,3
0,18,0,2,0,0,1
0,29,0,2,0,0,8
0,19,0,2,0,0,2
0,25,0,2,0,0,4
0,19,0,2,0,0,0
0,24,0,2,1,0,5
0,26,0,2,0,0,4
0,23,0,2,0,0,4
0,22,0,2,0,0,3
0,23,0,2,0,0,4
0,24,0,3,0,0,0
0,21,0,2,0,0,2
0,30,0,2,0,0,7
0,35,0,2,0,0,11
0,30,0,2,0,0,8
0,22,0,3,0,0,1
0,24,0,2,0,0,5
0,22,0,2,0,0,4
0,25,0,2,0,0,0
0,24,0,2,0,0,5
0,19,0,2,0,0,0
0,21,0,2,0,0,0
0,24,0,2,0,0,4
0,23,0,2,0,0,4
0,24,0,2,0,0,4
0,27,0,2,0,0,4
0,24,0,2,0,0,4
0,24,0,2,0,0,4
0,24,0,3,0,0,2
0,25,0,2,0,0,5
0,21,0,2,0,0,2
0,18,0,2,1,0,1
0,31,0,3,0,0,6
0,29,0,2,0,0,7
0,31,0,2,0,0,6
0,24,0,2,0,0,5
0,24,0,2,0,0,5
0,33,0,2,0,0,0
0,22,0,2,0,0,3
0,24,0,2,0,0,1
0,23,0,2,0,0,4
0,23,0,2,0,0,0
0,17,0,2,0,0,1
0,23,0,2,0,0,4
0,21,0,2,0,0,2
0,21,0,2,0,0,2
0,20,0,2,0,0,3
0,29,0,2,0,0,8
0,23,0,2,0,0,4
0,24,0,2,0,0,3
0,38,0,2,0,0,14
0,21,0,2,0,0,0
0,24,0,2,0,0,0
0,24,0,2,0,0,5
0,27,0,2,0,0,0
0,28,0,2,0,0,6
0,28,0,2,0,0,0
0,25,0,2,0,0,5
0,27,0,2,0,0,5
0,26,0,2,0,0,6
0,36,1,2,1,0,12
0,23,0,2,0,0,0
0,24,0,3,0,0,0
0,20,0,2,0,0,2
0,25,0,3,0,0,3
0,18,0,2,0,0,2
0,24,0,2,0,0,0
0,25,0,2,0,0,5
0,24,0,2,0,0,1
0,23,0,2,1,0,4
0,24,0,2,0,0,4
0,31,0,2,0,0,9
0,22,0,2,0,0,0
0,27,0,2,0,0,0
0,26,0,2,0,0,6
0,32,0,2,0,0,10
0,25,0,2,0,0,4
0,23,0,2,0,0,4
0,18,0,2,0,0,0
0,27,0,2,0,0,0
0,22,0,3,0,0,0
0,22,0,2,0,0,4
0,23,0,2,0,0,1
0,22,0,2,0,0,3
0,25,0,3,0,0,0
0,22,0,2,0,0,0
0,28,0,2,0,0,7
0,26,0,2,0,0,5
0,25,0,3,0,0,2
0,28,0,2,0,0,7
0,24,0,2,0,0,2
0,27,0,2,0,0,6
0,22,0,2,0,0,0
0,23,0,2,0,0,3
0,35,0,2,0,0,10
0,28,0,2,0,0,6
0,27,1,2,0,0,7
0,21,0,2,0,0,4
0,22,0,2,0,0,2
0,29,0,2,0,0,7
0,24,0,2,0,0,5
0,22,0,2,0,0,3
0,25,0,2,0,0,6
0,18,0,2,0,0,1
0,22,0,2,0,0,2
0,24,0,2,0,0,4
0,31,0,2,0,0,9
0,30,0,2,0,0,7
0,21,0,2,0,0,0
0,26,0,2,4,0,7
0,26,0,2,0,0,0
0,22,0,2,0,0,0
0,20,0,2,0,0,3
0,27,0,2,0,0,4
0,26,0,2,0,0,4
0,24,0,2,0,0,0
0,21,0,2,0,0,3
0,22,0,3,3,0,2
0,24,0,2,0,0,3
0,20,0,2,0,0,3
0,26,0,2,0,0,0
0,20,0,2,0,0,2
0,25,0,2,0,0,2
0,25,0,2,0,0,5
0,27,0,3,0,0,4
0,18,0,2,2,0,2
0,24,0,2,0,0,5
0,26,0,2,0,0,0
0,18,0,2,0,0,1
0,23,0,2,0,0,4
0,26,0,2,1,0,6
0,21,0,2,2,0,3
0,22,0,2,0,0,3
0,25,0,3,0,0,0
0,26,0,2,0,0,7
0,28,0,2,0,0,6
0,26,0,2,0,0,5
0,25,0,2,0,0,0
0,26,0,2,0,0,6
0,24,0,2,0,0,0
0,19,0,2,0,0,1
0,26,0,2,0,0,5
0,21,0,2,0,0,3
0,21,0,2,0,0,0
0,22,0,2,0,0,0
0,23,0,2,0,0,3
0,20,0,2,0,0,0
0,19,0,2,0,0,0
0,26,0,2,0,0,0
0,24,0,2,0,0,4
0,26,0,2,0,0,5
0,22,0,2,0,0,3
0,21,0,2,0,0,3
0,22,0,2,0,0,0
0,21,0,2,0,0,0
0,24,0,2,0,0,4
0,24,0,3,0,0,0
0,25,0,2,0,0,5
0,23,0,2,0,0,4
0,21,0,2,0,0,2
0,23,0,2,0,0,0
0,31,1,2,0,0,0
0,18,0,2,0,0,1
0,33,2,2,0,0,10
0,23,0,2,0,0,4
0,23,0,2,0,0,4
0,25,0,2,0,0,5
0,24,0,2,2,0,4
0,21,0,2,0,0,2
0,18,0,2,0,0,0
0,23,0,2,0,0,4
0,21,0,3,0,0,2
0,26,0,2,1,0,5
0,29,0,2,0,0,7
0,23,0,3,0,0,2
0,24,0,3,0,0,2
0,25,0,3,0,0,0
0,19,0,2,1,0,2
0,28,0,2,0,0,7
0,18,0,2,2,0,1
0,25,0,2,0,0,5
0,23,0,2,0,0,4
0,23,0,2,0,0,4
0,25,0,2,0,0,5
0,21,0,2,0,0,3
0,22,0,2,0,0,0
0,23,0,2,0,0,3
0,28,0,2,0,0,4
0,20,0,2,1,0,1
0,24,0,2,0,0,4
0,25,0,2,0,0,4
0,27,0,3,0,0,0
0,26,0,2,0,0,5
0,26,0,2,0,0,0
0,26,0,2,0,0,6
0,22,0,2,0,0,3
0,24,0,2,0,0,4
0,19,0,2,0,0,1
0,21,0,2,0,0,0
0,28,0,2,0,0,5
0,21,0,2,0,0,3
0,23,0,2,0,0,3
0,21,0,2,0,0,2
0,27,0,2,0,0,0
0,19,0,2,0,0,0
0,23,0,2,0,0,4
0,24,0,3,0,0,2
0,27,0,2,0,0,7
0,25,0,2,0,0,5
0,23,0,2,5,0,5
0,22,0,2,0,0,2
0,26,0,3,0,0,2
0,23,0,2,0,0,4
0,31,0,2,0,0,9
0,21,0,2,0,0,0
0,25,0,3,0,0,2
0,21,0,2,0,0,0
0,19,0,2,1,0,2
0,22,0,2,0,0,2
0,22,0,2,0,0,3
0,27,0,2,0,0,6
0,29,0,2,0,0,5
0,28,0,2,0,0,7
0,23,0,2,0,0,0
0,21,0,2,0,0,0
0,21,0,2,0,0,3
0,27,0,2,0,0,6
0,21,0,2,0,0,1
0,22,0,2,0,0,3
0,25,0,2,0,0,5
0,28,0,2,0,0,7
0,28,0,2,0,0,7
0,18,0,2,0,0,0
0,21,0,2,0,0,0
0,25,0,2,0,0,5
0,19,0,2,0,0,1
0,28,0,2,0,0,6
0,27,0,2,0,0,4
0,25,0,2,0,0,5
0,26,0,2,0,0,5
0,23,0,2,0,0,0
0,27,0,2,0,0,6
0,30,0,2,0,0,9
0,24,0,2,0,0,6
0,21,0,2,0,0,0
0,21,0,2,0,0,0
0,21,0,2,0,0,3
0,23,0,2,0,0,3
0,26,0,2,0,0,5
0,22,0,2,0,0,0
0,36,2,2,0,0,14
0,29,0,3,0,0,5
0,29,0,2,0,0,0
0,20,0,2,0,0,0
0,21,0,2,0,0,0
0,31,0,2,0,0,9
0,23,0,3,0,0,3
0,23,0,2,5,0,5
0,24,0,2,0,0,5
0,25,0,3,0,0,0
0,25,0,2,0,0,5
0,23,0,2,0,0,0
0,21,0,2,0,0,3
0,24,0,2,0,0,5
0,20,0,2,0,0,2
0,26,0,2,0,0,0
0,23,0,2,2,0,4
0,24,0,2,0,0,3
0,24,0,2,0,0,3
0,23,0,3,0,0,0
0,28,0,2,0,0,8
0,21,0,2,0,0,2
0,24,0,3,0,0,2
0,22,0,2,0,0,0
0,18,0,2,0,0,1
0,27,0,2,0,0,6
0,29,0,3,0,0,0
0,31,0,2,0,0,8
0,24,0,2,0,0,5
0,25,0,2,0,0,3
0,22,0,2,0,0,3
0,22,0,2,0,0,2
0,21,0,2,0,0,3
0,28,0,2,0,0,0
0,28,0,2,0,0,4
0,22,0,2,1,0,4
0,21,0,2,0,0,2
0,20,0,2,0,0,2
0,23,0,2,0,0,0
0,27,0,2,0,0,6
0,23,0,2,0,0,0
0,27,0,2,0,0,6
0,22,0,2,0,0,3
0,25,0,3,0,0,2
0,27,0,2,0,0,5
0,21,0,2,0,0,3
0,31,0,2,0,0,8
0,19,0,2,0,0,2
0,21,0,2,0,0,0
0,23,0,2,0,0,4
0,24,0,2,0,0,5
0,21,0,2,0,0,3
0,26,0,2,0,0,6
0,24,0,2,0,0,5
0,23,0,2,0,0,4
0,25,0,3,0,0,2
0,27,0,2,0,0,6
0,23,0,2,1,0,4
0,24,0,2,0,0,4
0,20,0,2,0,0,1
0,22,0,2,0,0,3
0,20,0,2,0,0,1
0,23,0,2,0,0,5
0,24,0,2,0,0,0
0,21,0,2,0,0,3
0,23,0,2,0,0,4
0,26,0,2,0,0,5
0,31,0,3,0,0,6
0,30,0,2,0,0,6
0,22,0,2,0,0,3
0,22,0,3,0,0,1
0,26,0,2,0,0,3
0,25,0,2,0,0,5
0,20,0,2,0,0,3
0,21,0,2,0,0,0
0,19,0,2,0,0,1
0,22,0,2,0,0,0
0,18,0,2,0,0,0
0,27,0,2,0,0,5
0,23,0,2,0,0,4
0,25,0,2,0,0,5
0,19,0,2,0,0,2
0,26,0,3,0,0,0
0,20,0,2,0,0,2
0,23,0,2,0,0,4
0,25,0,2,0,0,5
0,24,0,2,0,0,4
0,19,0,2,0,0,0
0,25,0,2,0,0,5
0,19,0,2,0,0,0
0,26,0,2,0,0,5
0,19,0,2,0,0,2
0,18,0,2,1,0,1
0,25,0,2,0,0,0
0,39,0,2,0,0,13
0,20,0,2,0,0,2
0,24,0,2,0,0,4
0,20,0,2,0,0,3
0,20,0,2,0,0,2
0,26,0,2,0,0,6
0,21,0,2,0,0,0
0,20,0,2,1,0,2
0,24,0,2,0,0,0
0,24,0,2,0,0,0
0,29,0,2,0,0,8
0,18,0,2,0,0,1
0,24,0,2,0,0,4
0,19,0,2,1,0,2
0,28,0,2,0,0,3
0,28,0,2,0,0,8
0,18,0,2,1,0,2
0,24,0,2,0,0,4
0,24,0,2,0,0,4
0,21,0,2,0,0,3
0,26,0,2,0,0,7
0,22,0,3,2,0,2
0,23,0,2,1,0,4
0,28,0,2,0,0,8
0,21,0,2,0,0,3
0,19,0,2,1,0,2
0,23,0,2,0,0,0
0,24,0,2,0,0,5
0,28,0,2,0,0,7
0,17,0,2,0,0,0
0,24,0,2,0,0,4
0,19,0,2,0,0,2
0,28,0,2,0,0,5
0,22,0,2,0,0,2
0,28,0,2,0,0,7
0,25,0,2,0,0,4
0,25,0,3,0,0,4
0,24,0,2,0,0,5
0,22,0,3,0,0,2
0,23,0,2,1,0,4
0,20,0,2,0,0,2
0,21,0,2,0,0,2
0,28,0,2,0,0,7
0,22,0,2,0,0,0
0,22,0,2,0,0,4
0,22,0,2,0,0,4
0,24,0,3,0,0,0
0,19,0,2,0,0,1
0,23,0,2,0,0,0
0,18,0,2,0,0,2
0,19,0,2,0,0,2
0,21,0,2,0,0,2
0,23,0,2,0,0,3
0,22,0,2,0,0,0
0,25,0,2,0,0,5
0,24,0,2,0,0,4
0,22,0,2,0,0,0
0,22,0,2,0,0,4
0,24,0,2,0,0,4
0,25,0,2,0,0,6
0,27,0,2,0,0,7
0,20,0,2,0,0,2
0,23,0,2,0,0,4
0,20,0,2,0,0,3
0,19,0,2,0,0,2
0,22,0,2,0,0,3
0,19,0,2,0,0,1
0,25,0,2,0,0,4
0,27,0,2,0,0,7
0,20,0,2,0,0,3
0,37,0,3,0,0,12
0,22,0,2,0,0,2
0,24,0,2,0,0,3
0,30,0,3,0,0,7
0,22,0,3,0,0,0
0,18,0,2,0,0,0
0,18,0,2,0,0,1
0,27,1,2,1,0,5
0,29,0,2,0,0,7
0,23,0,2,0,0,5
0,22,0,2,0,0,2
0,22,0,2,0,0,3
0,27,0,2,0,0,7
0,25,1,2,0,0,5
0,27,0,2,0,0,0
0,19,0,2,0,0,1
0,23,0,2,0,0,4
0,21,0,2,0,0,2
0,26,0,3,0,0,4
0,17,0,2,0,0,1
0,22,0,2,0,0,2
0,21,0,2,0,0,0
0,19,0,2,0,0,1
0,24,0,2,0,0,0
0,22,0,2,0,0,4
0,22,0,2,0,0,2
0,26,0,3,0,0,4
0,21,0,3,0,0,1
0,22,0,2,0,0,4
0,20,0,2,0,0,3
0,25,0,2,0,0,4
0,19,0,2,0,0,0
0,22,0,2,0,0,4
0,26,0,2,1,0,6
0,24,0,2,0,0,5
0,22,0,2,0,0,3
0,23,0,2,2,0,4
0,22,0,2,0,0,3
0,24,0,2,0,0,3
0,22,0,2,0,0,3
0,24,0,2,0,0,4
0,19,0,2,0,0,0
0,21,0,2,0,0,3
0,19,0,2,2,0,2
0,21,0,2,0,0,0
0,23,0,2,0,0,4
0,22,0,2,0,0,2
0,18,0,2,0,0,1
0,25,0,2,0,0,0
0,25,0,2,0,0,5
0,28,0,2,0,0,7
0,19,0,2,0,0,0
0,22,0,2,0,0,3
0,22,0,2,0,0,4
0,26,0,3,0,0,4
0,24,0,2,1,0,5
0,21,0,2,0,0,3
0,17,0,2,0,0,1
0,25,0,3,0,0,4
0,30,0,2,0,0,8
0,27,0,2,0,0,7
0,27,0,3,0,0,5
0,22,0,2,0,0,4
0,32,0,3,0,0,6
0,26,1,2,0,0,7
0,20,0,2,0,0,0
0,20,0,2,0,0,3
0,20,0,2,0,0,1
0,23,0,2,0,0,4
0,17,0,2,0,0,1
0,21,0,2,0,0,2
0,29,0,2,0,0,8
0,27,0,3,0,0,4
0,23,0,2,0,0,3
0,21,0,2,0,0,2
0,28,0,2,0,0,7
0,19,0,2,0,0,2
0,29,0,2,4,0,8
0,24,0,2,0,0,4
0,19,0,2,0,0,2
0,21,0,2,0,0,2
0,22,0,2,0,0,3
0,26,0,2,0,0,6
0,20,0,2,0,0,2
0,25,0,3,0,0,0
0,18,0,2,0,0,2
0,24,0,2,0,0,3
0,25,0,3,0,0,0
0,27,0,3,1,0,1
0,27,0,2,0,0,4
0,21,0,2,0,0,0
0,24,0,2,0,0,3
0,23,0,2,0,0,4
0,20,0,2,0,0,2
0,24,0,2,0,0,4
0,28,0,2,0,0,7
0,26,0,2,0,0,5
0,26,0,3,0,0,0
0,23,0,2,0,0,4
0,29,0,2,0,0,8
0,25,0,2,0,0,5
0,20,0,2,0,0,2
0,26,0,2,0,0,6
0,19,0,2,0,0,1
0,25,0,2,0,0,3
0,24,0,2,0,0,5
0,23,0,2,0,0,2
0,21,0,2,0,0,3
0,33,0,2,0,0,10
0,22,0,2,0,0,3
0,26,0,2,0,0,5
0,23,0,3,0,0,2
0,22,0,2,0,0,0
0,26,0,2,0,0,6
0,23,0,2,0,0,4
0,26,0,2,0,0,6
0,25,0,3,0,0,0
0,21,0,2,0,0,3
0,22,0,2,0,0,3
0,26,0,2,0,0,5
0,21,0,2,0,0,0
0,21,0,2,0,0,0
0,21,0,2,0,0,2
0,25,0,2,0,0,6
0,24,0,2,0,0,4
0,21,0,2,0,0,3
0,23,0,2,0,0,5
0,23,0,2,0,0,4
0,19,0,2,0,0,2
0,24,0,2,0,0,0
0,25,0,2,0,0,5
0,22,0,2,0,0,2
0,20,0,2,0,0,0
0,30,0,2,0,0,8
0,24,0,2,0,0,0
0,22,0,2,0,0,3
0,23,0,2,0,0,4
0,23,0,2,0,0,3
0,30,0,2,0,0,9
0,20,0,2,0,0,2
0,24,0,2,0,0,0
0,23,0,2,1,0,5
0,27,0,2,0,0,0
0,21,0,2,0,0,3
0,23,0,2,1,0,3
0,24,0,2,0,0,0
0,27,0,2,0,0,5
0,21,0,2,0,0,2
0,22,0,2,0,0,4
0,28,0,2,0,0,6
0,21,0,2,0,0,2
0,24,0,2,0,0,4
0,23,0,2,0,0,3
0,25,0,2,0,0,4
0,26,0,2,0,0,0
0,25,0,3,0,0,3
0,21,0,2,0,0,1
0,25,0,2,0,0,4
0,20,0,2,4,0,3
0,34,0,2,0,0,13
0,27,0,2,0,0,5
0,19,0,2,0,0,2
0,20,0,2,0,0,3
0,20,0,2,0,0,2
0,19,0,2,0,0,0
0,21,0,2,0,0,3
0,28,0,2,0,0,7
0,22,0,2,0,0,3
0,27,0,2,0,0,6
0,21,0,2,0,0,3
0,23,0,3,0,0,0
0,24,0,2,0,0,4
0,21,0,2,0,0,3
0,19,0,2,0,0,2
0,24,0,2,0,0,4
0,22,0,2,0,0,0
0,21,0,2,0,0,2
0,19,0,2,0,0,0
0,25,0,2,0,0,5
0,18,0,2,0,0,1
0,27,0,2,0,0,0
0,24,0,2,0,0,4
0,23,0,2,0,0,3
0,22,0,2,0,0,4
0,21,0,2,2,0,3
0,24,0,2,0,0,0
0,22,0,2,0,0,3
0,27,0,2,0,0,3
0,27,0,2,0,0,6
0,20,0,2,0,0,2
0,26,0,2,0,0,2
0,27,0,2,0,0,0
0,22,0,2,0,0,3
0,27,0,2,0,0,6
0,18,0,2,0,0,1
0,31,0,2,0,0,9
0,22,0,2,0,0,3
0,19,0,2,0,0,0
0,24,0,2,0,0,4
0,23,0,2,0,0,3
0,17,0,2,0,0,1
0,24,0,2,0,0,0
0,25,1,2,0,0,3
0,25,0,2,0,0,5
0,25,0,2,0,0,0
0,23,0,2,0,0,4
0,29,0,2,0,0,0
0,21,0,2,0,0,0
0,25,0,2,0,0,4
0,23,0,2,0,0,4
0,20,0,2,0,0,2
0,24,0,2,0,0,4
0,24,0,2,0,0,5
0,28,0,3,0,0,0
0,19,0,2,0,0,2
0,21,0,2,0,0,1
0,26,0,2,0,0,0
0,21,0,2,0,0,3
0,22,0,2,0,0,2
0,27,0,2,0,0,7
0,26,0,2,0,0,7
0,25,0,2,0,0,5
0,26,0,2,0,0,6
0,25,0,2,0,0,5
0,23,0,2,0,0,4
0,21,0,2,0,0,0
0,21,0,2,0,0,0
0,27,0,2,0,0,6
0,27,0,3,0,0,1
0,24,0,2,0,0,4
0,26,0,2,0,0,4
0,19,0,2,0,0,2
0,23,0,2,0,0,5
0,23,0,2,0,0,5
0,20,0,2,0,0,3
0,24,0,2,0,0,5
0,22,0,2,0,0,4
0,19,0,2,0,0,0
0,22,0,2,0,0,3
0,40,0,2,0,0,15
0,24,0,2,0,0,0
0,26,0,3,0,0,4
0,21,0,2,0,0,2
0,24,0,2,0,0,3
0,23,0,2,0,0,3
0,29,0,2,0,0,5
0,20,0,2,0,0,2
0,23,0,2,0,0,2
0,27,1,2,0,0,7
0,23,0,3,0,0,1
0,24,0,3,1,0,0
0,24,0,2,0,0,0
0,20,0,2,0,0,2
0,24,0,2,0,0,5
0,17,0,2,2,0,0
0,21,0,2,0,0,0
0,29,0,2,0,0,7
0,25,0,2,0,0,5
0,19,0,2,0,0,2
0,28,0,2,0,0,7
0,23,0,2,0,0,4
0,26,0,2,0,0,5
0,27,0,3,0,0,4
0,23,0,2,0,0,4
0,24,0,2,0,0,5
0,22,0,2,0,0,3
0,21,0,2,0,0,2
0,21,0,2,1,0,3
0,20,0,2,0,0,2
0,20,0,2,0,0,0
0,26,0,2,0,0,6
0,25,0,2,0,0,4
0,31,0,2,0,0,9
0,23,0,2,0,0,5
0,19,0,2,0,0,2
0,31,0,2,0,0,8
0,28,0,2,0,0,0
0,25,0,2,0,0,5
0,23,0,2,0,0,3
0,24,0,2,0,0,1
0,19,0,2,0,0,2
0,27,1,2,0,0,6
0,19,0,2,0,0,1
0,22,0,2,0,0,4
0,27,0,2,0,0,6
0,28,0,2,0,0,7
0,23,0,2,0,0,3
0,20,0,2,0,0,2
0,29,0,2,0,0,5
0,18,0,2,0,0,2
0,24,0,3,0,0,3
0,18,0,2,0,0,1
0,30,1,2,0,0,9
0,19,0,2,3,0,2
0,27,0,3,0,0,5
0,25,0,2,0,0,0
0,23,0,2,0,0,4
0,19,0,2,0,0,0
0,18,0,2,0,0,2
0,22,0,2,2,0,2
0,30,1,2,0,0,8
0,24,0,2,0,0,5
0,28,1,2,0,0,8
0,28,1,2,0,0,5
0,25,0,3,0,0,0
0,22,0,2,0,0,1
0,24,0,2,0,0,3
0,22,0,2,0,0,3
0,25,0,2,0,0,5
0,25,0,3,0,0,0
0,20,0,2,0,0,2
0,22,0,2,0,0,4
0,25,0,2,0,0,5
0,19,0,2,0,0,2
0,27,0,2,0,0,6
0,21,0,2,2,0,2
0,36,0,2,0,0,12
0,25,0,2,0,0,5
0,33,0,2,0,0,9
0,26,0,2,0,0,6
0,17,0,2,0,0,1
0,18,0,2,0,0,0
0,24,0,3,0,0,3
0,26,0,3,0,0,4
0,31,0,2,0,0,0
0,22,0,2,0,0,3
0,26,0,2,0,0,6
0,21,0,2,0,0,2
0,25,0,2,0,0,6
0,21,0,2,1,0,3
0,23,0,2,0,0,4
0,21,0,2,0,0,2
0,19,0,2,0,0,2
0,25,0,2,0,0,5
0,21,0,2,0,0,3
0,21,0,2,0,0,3
0,21,0,2,0,0,3
0,29,0,2,0,0,0
0,22,0,2,0,0,2
0,29,0,2,0,0,7
0,32,0,2,2,0,11
0,29,0,2,0,0,6
0,19,0,2,0,0,0
0,21,0,2,0,0,3
0,24,0,2,0,0,4
0,21,0,2,0,0,3
0,25,0,2,0,0,6
0,28,0,2,0,0,7
0,28,0,2,0,0,7
0,27,1,2,0,0,5
0,24,0,2,0,0,4
0,25,0,2,0,0,5
0,23,0,2,0,0,4
0,30,0,2,0,0,0
0,23,0,2,0,0,3
0,25,0,2,0,0,5
0,25,0,3,0,0,4
0,28,0,2,0,0,7
0,20,0,2,0,0,2
0,23,0,2,0,0,4
0,22,0,2,0,0,4
0,25,0,2,0,0,5
0,21,0,2,0,0,3
0,21,0,2,0,0,3
0,28,0,2,0,0,6
0,21,0,2,0,0,2
0,26,0,2,0,0,5
0,28,0,2,0,0,7
0,21,0,2,0,0,0
0,25,0,3,0,0,0
0,21,0,2,0,0,2
0,22,0,2,0,0,2
0,19,0,2,0,0,1
0,31,0,2,0,0,8
0,26,0,2,0,0,6
0,22,0,2,3,0,3
0,18,0,2,0,0,1
0,26,0,2,0,0,3
0,24,1,2,0,0,4
0,22,0,2,0,0,0
0,21,0,2,0,0,2
0,20,0,2,0,0,2
0,25,0,2,0,0,6
0,30,0,2,0,0,9
0,22,0,3,2,0,2
0,23,0,3,0,0,2
0,22,0,2,0,0,0
0,24,0,2,0,0,3
0,22,0,2,0,0,3
0,25,0,2,0,0,5
0,21,0,2,0,0,2
0,26,0,2,0,0,5
0,24,0,2,0,0,4
0,20,0,2,0,0,2
0,25,0,2,0,0,3
0,25,0,2,0,0,5
0,20,0,2,0,0,3
0,24,0,3,0,0,2
0,20,0,2,0,0,2
0,26,0,2,0,0,3
0,29,0,3,0,0,0
0,22,0,2,0,0,3
0,22,0,2,0,0,3
0,24,0,2,0,0,5
0,22,0,2,0,0,3
0,27,0,2,0,0,6
0,27,0,2,0,0,0
0,26,0,2,1,0,6
0,26,0,2,0,0,4
0,23,0,2,0,0,3
0,26,0,2,0,0,6
0,28,0,3,1,0,6
0,25,0,3,0,0,3
0,27,0,3,0,0,4
0,24,0,2,0,0,5
0,34,0,2,0,0,10
0,23,0,2,0,0,4
0,22,0,2,0,0,3
0,27,1,2,0,0,5
0,22,0,2,0,0,3
0,21,0,2,0,0,2
0,22,0,2,0,0,3
0,26,0,2,0,0,5
0,28,0,2,0,0,7
0,25,0,2,0,0,5
0,25,0,2,2,0,3
0,25,0,2,0,0,5
0,22,0,2,0,0,4
0,22,0,2,0,0,2
0,27,0,3,0,0,4
0,20,0,2,0,0,0
0,25,0,2,0,0,3
0,21,0,2,0,0,2
0,23,0,2,2,0,4
0,22,0,2,2,0,3
0,24,0,2,0,0,6
0,21,0,2,0,0,2
0,21,0,2,2,0,2
0,31,0,3,0,0,5
0,25,0,3,0,0,0
0,29,0,3,0,0,3
0,19,0,2,0,0,0
0,25,0,2,3,0,5
0,18,0,2,0,0,0
0,22,0,2,0,0,3
0,33,0,2,0,0,10
0,23,0,2,0,0,4
0,26,0,2,0,0,5
0,27,0,2,0,0,5
0,26,0,2,0,0,5
0,25,0,2,0,0,4
0,23,0,2,0,0,2
0,23,0,2,0,0,3
0,27,1,2,0,0,6
0,22,0,2,3,0,4
0,22,0,3,0,0,0
0,22,0,2,0,0,4
0,26,0,2,0,0,5
0,25,0,2,0,0,5
0,25,0,2,0,0,6
0,21,0,2,0,0,3
0,25,0,2,0,0,6
0,22,0,2,0,0,4
0,30,1,2,0,0,8
0,24,0,2,0,0,0
0,25,0,3,0,0,0
0,20,0,2,0,0,0
0,27,0,3,0,0,0
0,23,0,2,0,0,0
0,23,0,2,0,0,4
0,29,1,2,0,0,8
0,25,0,2,0,0,5
0,19,0,2,0,0,2
0,24,0,2,0,0,5
0,25,1,2,0,0,5
0,24,0,2,0,0,2
0,29,0,2,0,0,8
0,24,0,3,0,0,3
0,25,0,2,0,0,5
0,25,0,3,0,0,3
0,21,0,2,0,0,3
0,23,0,2,0,0,3
0,19,0,2,0,0,1
0,26,0,3,0,0,0
0,22,0,2,0,0,2
0,24,0,3,0,0,3
0,26,0,3,0,0,2
0,21,0,2,0,0,2
0,27,0,2,0,0,6
0,19,0,2,0,0,3
0,24,0,2,1,0,5
0,28,0,2,0,0,7
0,24,0,2,0,0,4
0,22,0,2,0,0,3
0,25,0,3,0,0,0
0,24,0,2,0,0,4
0,22,0,2,0,0,3
0,18,0,2,0,0,2
0,30,0,2,0,0,9
0,18,0,2,0,0,1
0,24,1,2,1,0,6
0,25,0,2,0,0,4
0,18,0,2,0,0,0
0,22,0,2,0,0,4
0,28,0,2,0,0,7
0,20,0,2,0,0,3
0,26,0,2,0,0,5
0,30,0,2,0,0,9
0,23,0,2,0,0,4
0,26,0,2,0,0,0
0,21,0,2,0,0,2
0,25,0,2,0,0,3
0,25,1,2,0,0,6
0,18,0,2,0,0,1
0,22,0,2,0,0,3
0,22,0,2,0,0,2
0,24,0,2,0,0,4
0,25,0,3,0,0,0
0,24,0,3,0,0,2
0,18,0,2,0,0,0
0,20,0,2,0,0,0
0,20,0,2,0,0,0
0,18,0,2,0,0,1
0,27,0,2,0,0,6
0,27,0,2,0,0,6
0,25,0,2,0,0,0
0,26,0,2,0,0,3
0,24,0,3,0,0,3
0,24,0,2,0,0,5
0,20,0,2,0,0,2
0,28,0,3,0,0,0
0,23,0,2,0,0,3
0,26,0,2,0,0,6
0,21,0,2,0,0,3
0,25,0,2,0,0,4
0,23,0,2,0,0,3
0,27,1,2,1,0,7
0,33,0,2,0,0,0
0,21,0,2,0,0,3
0,21,0,2,0,0,1
0,22,0,2,0,0,0
0,26,0,2,0,0,6
0,19,0,2,0,0,2
0,26,0,2,0,0,4
0,24,0,2,0,0,4
0,21,0,2,0,0,0
0,24,0,2,0,0,2
0,23,0,2,0,0,4
0,28,1,2,0,0,7
0,25,0,2,0,0,5
0,18,0,2,0,0,2
0,30,0,2,0,0,8
0,16,0,2,0,0,1
0,26,0,2,0,0,5
0,26,0,2,0,0,0
0,19,0,2,0,0,2
0,32,0,2,0,0,9
0,28,0,2,0,0,7
0,21,0,2,0,0,0
0,26,0,3,0,0,3
0,20,0,2,0,0,3
0,26,0,2,0,0,6
0,18,0,2,0,0,1
0,26,0,2,0,0,5
0,24,1,3,0,0,3
0,29,0,2,0,0,8
0,22,0,2,0,0,2
0,23,0,2,0,0,4
0,27,0,2,0,0,5
0,27,0,2,0,0,4
0,24,0,2,0,0,4
0,25,0,2,0,0,5
0,29,0,2,0,0,7
0,19,0,2,0,0,1
0,21,0,2,0,0,3
0,30,0,2,0,0,6
0,22,0,2,4,0,4
0,23,0,2,0,0,4
0,26,0,2,0,0,4
0,26,0,2,0,0,5
0,24,0,2,0,0,5
0,23,0,2,0,0,4
0,27,0,2,0,0,5
0,22,0,2,0,0,0
0,30,0,2,0,0,9
0,34,0,2,0,0,0
0,27,0,3,0,0,0
0,26,0,3,0,0,4
0,28,0,3,0,0,5
0,28,0,3,0,0,0
0,27,0,2,0,0,6
0,25,1,2,0,0,5
0,24,0,2,0,0,4
0,20,0,2,0,0,2
0,28,0,2,0,0,5
0,29,0,3,0,0,0
0,27,0,3,0,0,0
0,29,0,2,0,0,8
0,18,0,2,0,0,1
0,24,0,2,0,0,4
0,19,0,2,0,0,2
0,27,0,2,2,0,7
0,21,0,3,0,0,1
0,24,0,2,0,0,4
0,31,1,2,0,0,5
0,22,0,2,0,0,0
0,22,0,2,0,0,3
0,21,0,2,0,0,3
0,23,0,2,0,0,0
0,18,0,2,0,0,2
0,32,0,2,0,0,10
0,32,0,3,0,0,0
0,22,0,2,0,0,3
0,23,0,2,0,0,4
0,25,0,2,0,0,5
0,26,0,2,0,0,5
0,24,0,2,0,0,3
0,20,0,2,0,0,2
0,27,0,2,2,0,7
0,22,0,2,0,0,4
0,20,0,2,0,0,2
0,23,0,2,0,0,4
0,23,1,2,0,0,3
0,27,0,2,0,0,5
0,26,0,2,0,0,0
0,24,0,2,2,0,5
0,19,0,2,0,0,2
0,27,0,2,0,0,5
0,25,0,2,0,0,4
0,21,0,2,0,0,2
0,23,0,2,0,0,4
0,27,0,2,0,0,7
0,22,0,3,0,0,1
0,26,0,3,0,0,4
0,30,0,2,0,0,9
0,22,0,3,0,0,2
0,23,0,2,0,0,2
0,28,1,2,0,0,7
0,21,0,2,0,0,2
0,18,0,2,1,0,2
0,21,0,2,0,0,3
0,33,0,2,0,0,11
0,27,0,2,0,0,6
0,25,0,2,0,0,5
0,25,1,2,0,0,0
0,31,0,2,0,0,9
0,22,0,2,0,0,3
0,26,0,2,0,0,5
0,18,0,2,0,0,1
0,21,0,2,0,0,3
0,19,0,2,0,0,0
0,23,0,2,0,0,1
0,23,0,2,0,0,3
0,18,0,2,0,0,1
0,19,0,2,0,0,1
0,28,0,3,0,0,5
0,24,0,2,0,0,4
0,20,0,2,2,0,2
0,20,0,2,0,0,0
0,19,0,2,2,0,2
0,19,0,2,0,0,2
0,26,0,2,0,0,5
0,21,0,2,0,0,3
0,18,0,2,0,0,0
0,26,0,2,0,0,5
0,24,0,2,0,0,0
0,24,0,2,0,0,4
0,26,0,2,0,0,0
0,21,0,2,1,0,3
0,26,0,2,0,0,4
0,21,0,2,0,0,3
0,33,0,2,0,0,10
0,29,0,2,0,0,8
0,21,0,2,0,0,2
0,19,0,2,0,0,1
0,24,0,2,0,0,5
0,26,0,2,0,0,7
0,26,0,2,0,0,6
0,24,0,2,0,0,4
0,22,0,3,0,0,2
0,31,0,2,0,0,7
0,22,0,2,0,0,3
0,24,0,2,0,0,5
0,23,0,2,0,0,4
0,24,0,2,0,0,5
0,21,0,3,0,0,1
0,31,0,2,0,0,0
0,23,0,2,2,0,4
0,28,0,2,0,0,7
0,20,0,2,0,0,2
0,26,0,4,0,0,0
0,28,0,2,0,0,0
0,20,0,2,2,0,2
0,27,0,2,0,0,5
0,23,0,2,0,0,5
0,25,0,3,0,0,3
0,22,0,2,0,0,4
0,23,0,2,0,0,4
0,22,0,2,0,0,0
0,23,0,2,0,0,0
0,26,0,2,0,0,5
0,23,0,2,0,0,0
0,19,0,2,1,0,2
0,24,0,2,0,0,5
0,22,0,2,0,0,0
0,25,1,2,0,0,5
0,23,0,2,0,0,0
0,20,0,2,0,0,3
0,40,0,3,0,0,14
0,23,0,2,0,0,4
0,20,0,2,0,0,2
0,25,0,2,0,0,5
0,24,0,2,0,0,0
0,22,0,2,0,0,3
0,23,0,2,0,0,4
0,27,0,2,0,0,6
0,21,0,2,3,0,3
0,20,0,2,0,0,2
0,25,0,2,0,0,5
0,28,0,2,0,0,8
0,24,0,2,0,0,4
0,24,0,2,0,0,0
0,32,0,3,0,0,9
0,23,0,2,0,0,4
0,22,0,2,0,0,0
0,28,1,2,0,0,7
0,22,0,2,0,0,3
0,20,0,2,0,0,2
0,38,1,2,0,0,15
0,25,0,2,0,0,5
0,26,0,2,0,0,5
0,23,0,2,0,0,4
0,19,0,2,0,0,1
0,22,0,2,0,0,4
0,24,0,3,0,0,3
0,24,0,2,0,0,5
0,19,0,2,0,0,1
0,28,0,2,0,0,8
0,28,0,3,0,0,5
0,20,0,2,0,0,2
0,27,0,3,0,0,0
0,25,0,2,0,0,5
0,27,1,2,0,0,6
0,25,0,2,0,0,0
0,28,0,2,0,0,6
0,21,0,2,0,0,0
0,25,0,2,0,0,5
0,25,0,2,0,0,6
0,21,0,2,0,0,3
0,22,1,2,0,0,3
0,22,0,2,0,0,3
0,18,0,2,0,0,0
0,21,0,2,0,0,3
0,21,0,2,2,0,4
0,27,0,2,0,0,5
0,26,0,2,0,0,5
0,29,0,3,0,0,4
0,23,0,2,0,0,3
0,22,0,2,0,0,3
0,21,0,2,0,0,3
0,20,0,2,0,0,2
0,17,0,2,1,0,1
0,32,0,2,0,0,10
0,26,0,2,0,0,6
0,27,0,2,0,0,5
0,24,0,2,0,0,4
0,26,1,2,4,0,8
0,20,0,2,0,0,3
0,31,0,2,0,0,9
0,22,0,2,0,0,4
0,22,0,2,0,0,3
0,22,0,2,3,0,4
0,34,1,2,0,0,9
0,28,0,2,0,0,7
0,27,0,3,0,0,0
0,32,0,2,0,0,10
0,24,0,2,0,0,4
0,22,0,2,0,0,3
0,23,0,2,0,0,0
0,19,0,2,0,0,1
0,23,0,2,0,0,3
0,27,0,2,0,0,6
0,28,0,2,0,0,8
0,19,0,2,0,0,2
0,28,0,2,0,0,0
0,26,0,2,0,0,5
0,25,0,2,0,0,5
0,24,0,2,0,0,5
0,28,0,2,0,0,8
0,32,0,2,1,0,10
0,34,0,2,0,0,9
0,24,0,2,1,0,5
0,19,0,2,0,0,1
0,21,0,2,0,0,2
0,27,0,2,0,0,6
0,19,0,2,0,0,2
0,30,0,2,0,0,9
0,24,0,2,0,0,3
0,27,0,3,0,0,4
0,26,1,2,0,0,3
0,23,0,2,0,0,2
0,19,0,2,0,0,1
0,26,0,2,0,0,5
0,21,0,2,0,0,3
0,25,0,2,0,0,4
0,23,0,2,0,0,4
0,26,0,2,0,0,5
0,26,0,2,0,0,4
0,25,0,2,0,0,5
0,20,0,2,0,0,2
0,22,0,2,0,0,0
0,28,0,2,0,0,0
0,23,0,2,0,0,3
0,24,0,2,0,0,3
0,21,0,2,0,0,3
0,23,0,2,0,0,4
0,22,0,2,0,0,3
0,25,0,3,0,0,0
0,26,0,2,0,0,3
0,30,0,2,0,0,8
0,23,0,3,0,0,2
0,25,0,2,0,0,5
0,23,0,2,0,0,4
0,23,0,2,0,0,3
0,25,0,2,0,0,5
0,26,0,2,0,0,6
0,27,2,2,2,0,7
0,24,0,2,2,0,5
0,30,1,3,0,0,5
0,25,0,2,0,0,5
0,19,0,2,0,0,0
0,21,0,2,0,0,3
0,26,0,2,0,0,0
0,30,0,2,0,0,6
0,24,0,2,1,0,5
0,22,0,2,0,0,2
0,21,0,2,0,0,0
0,24,0,2,0,0,0
0,23,0,2,0,0,3
0,25,0,3,0,0,0
0,18,0,2,0,0,1
0,22,0,2,0,0,4
0,24,0,2,0,0,4
0,27,0,2,0,0,6
0,20,0,2,0,0,1
0,20,0,2,0,0,3
0,25,0,2,0,0,5
0,23,0,3,0,0,2
0,27,0,2,0,0,0
0,21,0,2,0,0,2
0,32,0,2,0,0,8
0,20,0,2,0,0,0
0,25,0,2,0,0,5
0,27,0,2,0,0,3
0,26,0,2,1,0,5
0,25,0,2,0,0,5
0,19,0,2,0,0,2
0,24,0,2,0,0,4
0,21,0,2,0,0,3
0,21,0,2,0,0,3
0,20,0,2,0,0,2
0,30,0,2,0,0,9
0,22,0,2,0,0,2
0,24,0,2,0,0,5
0,20,0,2,0,0,2
0,25,1,2,2,0,6
0,17,0,2,0,0,1
0,25,0,2,0,0,5
0,30,0,2,0,0,8
0,27,0,2,0,0,6
0,25,0,2,3,0,6
0,31,0,2,0,0,9
0,19,0,2,1,0,2
0,25,0,3,0,0,0
0,19,0,2,0,0,0
0,27,0,2,0,0,7
0,24,0,3,0,0,3
0,19,0,2,0,0,0
0,19,0,2,0,0,2
0,26,0,2,0,0,5
0,27,0,2,0,0,6
0,25,0,2,1,0,5
0,26,0,2,0,0,5
0,19,0,2,0,0,1
0,19,0,2,0,0,1
0,25,0,2,0,0,4
0,20,0,2,0,0,3
0,33,0,3,0,0,2
0,27,0,2,0,0,7
0,19,0,2,0,0,0
0,20,0,2,2,0,2
0,23,0,2,0,0,4
0,19,0,2,0,0,1
0,19,0,2,0,0,2
0,29,0,2,0,0,6
0,19,0,2,0,0,2
0,28,0,3,0,0,0
0,23,0,3,4,0,3
0,21,0,2,0,0,3
0,25,0,2,0,0,6
0,24,0,2,0,0,0
0,21,0,3,0,0,1
0,21,0,2,0,0,3
0,22,0,2,0,0,3
0,22,0,2,0,0,3
0,28,1,2,0,0,8
0,20,0,2,1,0,2
0,31,0,2,0,0,7
0,23,0,2,0,0,3
0,21,0,2,0,0,3
0,22,0,3,0,0,1
0,31,0,3,0,0,6
0,19,0,2,0,0,0
0,28,0,2,0,0,8
0,22,0,2,1,0,3
0,21,0,2,1,0,3
0,23,0,2,0,0,4
0,23,0,2,0,0,2
0,24,0,2,0,0,5
0,22,0,2,0,0,2
0,28,0,2,0,0,6
0,28,0,2,0,0,5
0,22,0,2,0,0,0
0,33,0,3,0,0,9
0,28,0,2,0,0,7
0,26,0,2,0,0,6
0,22,0,2,1,0,4
0,26,0,2,0,0,6
0,24,0,2,0,0,0
0,22,0,2,0,0,3
0,17,0,2,0,0,1
0,25,0,2,0,0,0
0,31,0,2,0,0,10
0,19,0,2,0,0,2
0,31,1,2,0,0,9
0,24,0,2,0,0,5
0,26,0,2,0,0,7
0,23,0,2,0,0,4
0,21,0,2,0,0,2
0,24,0,3,0,0,2
0,21,0,2,0,0,0
0,24,0,2,0,0,4
0,22,0,2,0,0,3
0,25,0,2,0,0,5
0,25,0,2,0,0,5
0,22,0,2,0,0,4
0,30,0,2,0,0,4
0,26,0,2,0,0,6
0,18,0,2,1,0,2
0,27,0,2,0,0,6
0,24,0,2,0,0,3
0,21,0,2,0,0,3
0,19,0,2,0,0,2
0,27,0,2,0,0,7
0,23,0,2,2,0,4
0,22,1,2,0,0,3
0,18,0,2,0,0,1
0,26,0,2,0,0,7
0,29,0,2,0,0,8
0,26,0,2,0,0,5
0,21,0,2,0,0,2
0,19,0,2,0,0,0
0,25,0,2,0,0,4
0,19,0,2,0,0,2
0,19,0,2,0,0,2
0,22,0,3,0,0,0
0,21,0,3,0,0,0
0,24,0,2,0,0,4
0,32,0,2,0,0,10
0,23,0,2,0,0,3
0,26,0,2,0,0,0
0,28,0,2,0,0,6
0,22,0,2,0,0,4
0,23,0,3,0,0,1
0,21,0,2,3,0,4
0,23,0,2,0,0,5
0,25,0,2,0,0,4
0,34,0,2,0,0,11
0,22,0,2,0,0,3
0,20,0,2,0,0,3
0,21,0,2,0,0,2
0,19,0,2,0,0,0
0,21,0,2,0,0,3
0,23,0,2,0,0,4
0,29,0,2,0,0,4
0,24,0,2,0,0,5
0,19,0,2,0,0,0
0,21,0,2,0,0,2
0,31,0,2,0,0,9
0,23,0,2,0,0,3
0,32,0,3,0,0,7
0,24,0,2,0,0,4
0,30,0,2,0,0,6
0,30,0,2,0,0,7
0,21,0,2,0,0,3
0,22,0,2,0,0,0
0,25,0,2,0,0,5
0,23,0,2,0,0,5
0,23,0,2,0,0,0
0,25,0,2,0,0,3
0,22,0,2,0,0,3
0,22,0,3,0,0,2
0,29,0,2,0,0,9
0,17,0,2,0,0,1
0,25,0,2,2,0,5
0,23,0,2,2,0,4
0,24,0,2,0,0,5
0,25,0,2,1,0,6
0,24,0,2,0,0,4
0,30,0,2,0,0,8
0,21,0,2,0,0,0
0,25,0,2,0,0,6
0,24,0,2,0,0,5
0,34,0,2,0,0,12
0,24,0,3,0,0,0
0,23,0,2,0,0,4
0,25,0,3,0,0,4
0,22,0,2,0,0,3
0,23,0,2,0,0,4
0,24,0,2,0,0,4
0,20,0,2,0,0,2
0,27,0,3,0,0,5
0,19,0,2,0,0,0
0,25,0,2,0,0,4
0,23,0,2,0,0,0
0,24,0,2,0,0,4
0,28,0,2,3,0,6
0,24,0,2,0,0,5
0,22,0,2,0,0,4
0,23,0,2,0,0,4
0,19,0,2,0,0,2
0,29,0,3,0,0,0
0,23,1,2,0,0,4
0,20,0,2,0,0,2
0,20,0,2,2,0,3
0,22,0,2,1,0,3
0,31,0,2,0,0,10
0,25,0,2,0,0,5
0,24,0,2,0,0,5
0,21,0,2,0,0,0
0,25,0,2,0,0,2
0,23,0,2,0,0,4
0,25,0,2,0,0,5
0,21,0,2,0,0,2
0,23,0,2,0,0,4
0,25,0,2,0,0,4
0,27,0,2,5,0,8
0,25,0,3,0,0,0
0,29,0,2,2,0,7
0,24,0,2,0,0,5
0,22,0,2,1,0,4
0,23,0,2,0,0,0
0,22,0,2,0,0,4
0,23,0,2,0,0,4
0,25,0,2,0,0,3
0,23,0,2,0,0,4
0,35,0,2,0,0,10
0,17,0,2,0,0,1
0,31,0,2,0,0,9
0,28,0,2,0,0,7
0,20,0,2,0,0,2
0,26,0,2,0,0,6
0,24,0,2,0,0,5
0,22,0,2,0,0,2
0,20,0,2,0,0,0
0,26,0,2,0,0,6
0,28,0,2,0,0,6
0,20,0,2,2,0,2
0,20,0,2,0,0,0
0,26,0,3,0,0,3
0,26,0,2,0,0,5
0,24,0,2,0,0,3
0,25,0,2,0,0,4
0,22,0,3,0,0,1
0,28,0,2,0,0,8
0,23,0,2,0,0,2
0,24,0,2,0,0,4
0,27,0,2,0,0,0
0,30,0,2,0,0,7
0,27,0,2,0,0,5
0,22,0,3,0,0,1
0,22,0,2,0,0,3
0,19,0,2,0,0,2
0,20,0,2,0,0,2
0,24,0,2,0,0,0
0,23,0,2,0,0,3
0,28,1,2,0,0,6
0,19,0,2,1,0,2
0,27,0,3,0,0,4
0,18,0,2,2,0,2
0,21,0,2,3,0,0
0,20,0,2,0,0,1
0,24,0,2,0,0,4
0,35,0,3,1,0,0
0,27,0,2,0,0,7
0,24,0,2,0,0,3
0,23,0,2,0,0,3
0,27,0,3,0,0,0
0,23,0,2,0,0,4
0,20,0,2,0,0,2
0,29,0,3,0,0,0
0,25,0,2,0,0,5
0,22,0,2,0,0,3
0,25,0,3,0,0,4
0,25,0,2,0,0,4
0,22,0,3,0,0,1
0,29,0,2,0,0,7
0,21,0,2,0,0,3
0,22,0,3,0,0,0
0,22,0,2,0,0,3
0,26,0,2,0,0,6
0,21,0,2,0,0,3
0,24,0,2,0,0,5
0,27,0,2,0,0,5
0,25,0,2,0,0,0
0,26,0,2,0,0,0
0,22,0,2,0,0,3
0,21,0,2,0,0,0
0,25,0,2,0,0,4
0,23,0,2,0,0,4
0,24,0,2,0,0,3
0,23,0,2,0,0,4
0,23,0,2,0,0,5
0,21,0,2,0,0,2
0,30,0,2,0,0,6
0,26,0,2,2,0,6
0,30,0,2,0,0,0
0,24,0,2,0,0,4
0,21,0,3,0,0,2
0,22,0,2,0,0,3
0,27,0,2,0,0,7
0,22,0,2,0,0,3
0,19,0,2,0,0,1
0,26,0,2,0,0,5
0,30,0,2,0,0,9
0,22,0,2,0,0,2
0,29,1,2,0,0,7
0,23,0,2,3,0,5
0,24,0,2,0,0,5
0,25,0,2,0,0,0
0,22,0,2,0,0,3
0,19,0,2,0,0,2
0,22,0,2,0,0,3
0,26,0,2,0,0,0
0,31,0,2,0,0,9
0,18,0,2,0,0,0
0,19,0,2,0,0,2
0,28,0,4,0,0,0
0,18,0,2,0,0,0
0,22,0,2,3,0,3
0,17,0,2,0,0,0
0,23,0,2,0,0,3
0,29,0,2,0,0,7
0,27,0,2,0,0,5
0,23,0,2,0,0,3
0,19,0,2,0,0,2
0,25,0,2,0,0,4
0,18,0,2,0,0,1
0,24,0,2,0,0,5
0,25,0,2,0,0,5
0,31,0,2,0,0,9
0,23,0,2,0,0,2
0,20,0,2,0,0,3
0,22,0,2,0,0,4
0,27,0,2,0,0,7
0,23,0,2,0,0,4
0,21,0,3,0,0,1
0,25,0,3,0,0,0
0,22,0,2,0,0,3
0,28,0,2,0,0,7
0,25,0,2,0,0,4
0,24,0,2,0,0,4
0,22,0,3,0,0,1
0,24,0,2,0,0,4
0,23,0,2,0,0,4
0,28,0,2,0,0,8
0,24,0,2,2,0,5
0,25,0,2,0,0,4
0,22,0,2,0,0,3
0,24,0,2,0,0,5
0,21,0,2,0,0,1
0,25,0,2,0,0,5
0,25,0,2,0,0,5
0,23,0,2,0,0,4
0,25,0,2,0,0,5
0,25,0,2,0,0,4
0,23,0,2,0,0,4
0,22,0,2,0,0,0
0,20,0,2,3,0,3
0,23,0,3,0,0,2
0,21,0,2,0,0,2
0,23,0,2,0,0,2
0,24,0,2,0,0,5
0,24,0,2,0,0,5
0,19,0,2,0,0,0
0,22,0,2,0,0,3
0,26,0,2,0,0,6
0,22,0,3,0,0,1
0,24,0,3,0,0,2
0,28,0,2,0,0,4
0,20,0,2,0,0,2
0,24,0,2,0,0,5
0,20,0,2,0,0,2
0,22,0,2,0,0,3
0,21,0,2,0,0,3
0,23,0,2,1,0,4
0,21,0,3,0,0,1
0,20,0,2,0,0,1
0,19,0,2,0,0,2
0,22,0,2,0,0,3
0,20,0,2,0,0,3
0,24,0,2,3,0,5
0,23,0,2,0,0,4
0,28,0,2,0,0,6
0,27,1,2,0,0,3
0,30,0,3,0,0,6
0,25,0,2,0,0,5
0,23,0,2,0,0,3
0,19,0,2,0,0,0
0,21,0,2,0,0,3
0,23,0,2,0,0,4
0,32,0,2,0,0,7
0,27,0,2,0,0,7
0,33,0,2,0,0,6
0,20,0,2,0,0,3
0,19,0,2,0,0,1
0,28,0,2,0,0,8
0,23,0,2,0,0,3
0,20,0,2,0,0,2
0,24,0,2,0,0,3
0,25,0,2,0,0,6
0,21,0,2,0,0,2
0,26,0,2,0,0,5
0,25,0,2,0,0,5
0,29,0,2,0,0,8
0,23,0,2,0,0,4
0,23,0,2,0,0,4
0,23,0,2,0,0,4
0,25,0,2,0,0,3
0,21,0,2,0,0,2
0,27,0,3,0,0,5
0,20,0,2,0,0,2
0,20,0,2,1,0,2
0,26,0,2,0,0,6
0,22,0,3,0,0,2
0,35,0,2,0,0,11
0,29,0,2,0,0,7
0,26,0,2,0,0,5
0,23,0,2,0,0,0
0,20,0,2,0,0,2
0,23,0,3,0,0,2
0,23,0,2,0,0,3
0,19,0,2,0,0,2
0,19,0,2,2,0,3
0,25,0,3,0,0,3
0,21,0,2,3,0,3
0,29,0,2,0,0,8
0,31,0,2,0,0,10
0,20,0,2,0,0,0
0,28,0,2,0,0,6
0,25,0,3,0,0,0
0,23,1,2,0,0,4
0,25,0,2,0,0,4
0,27,0,2,0,0,7
0,30,0,2,0,0,9
0,23,0,2,0,0,3
0,21,0,2,1,0,3
0,32,0,2,0,0,9
0,19,0,2,0,0,2
0,20,0,2,0,0,3
0,24,0,2,0,0,4
0,24,0,2,0,0,0
0,22,0,2,0,0,3
0,24,0,2,0,0,4
0,22,0,2,0,0,3
0,32,0,3,0,0,8
0,25,0,2,0,0,5
0,20,0,2,0,0,2
0,30,0,2,0,0,6
0,23,0,2,0,0,2
0,30,0,2,0,0,9
0,20,0,2,3,0,2
0,34,0,3,0,0,9
0,27,0,2,0,0,0
0,27,0,2,0,0,7
0,19,0,2,0,0,2
0,23,0,2,0,0,0
0,21,0,2,0,0,3
0,24,0,3,0,0,0
0,26,0,2,0,0,6
0,22,0,2,0,0,2
0,31,0,2,0,0,7
0,20,0,2,0,0,3
0,25,0,2,0,0,5
0,20,0,2,0,0,0
0,23,0,2,0,0,5
0,24,0,2,0,0,4
0,30,0,2,0,0,5
0,22,0,2,0,0,0
0,23,0,3,0,0,2
0,23,1,2,0,0,4
0,23,0,3,0,0,2
0,18,0,2,0,0,1
0,29,0,2,0,0,7
0,26,0,2,0,0,4
0,23,0,2,0,0,4
0,27,0,3,0,0,5
0,28,0,2,0,0,7
0,23,0,2,0,0,4
0,23,0,2,0,0,3
0,21,0,2,0,0,3
0,21,0,2,0,0,0
0,27,0,3,0,0,4
0,18,0,2,0,0,1
0,21,0,2,0,0,2
0,23,0,2,0,0,4
0,26,0,2,0,0,6
0,21,0,2,0,0,3
0,26,0,2,0,0,5
0,23,0,2,0,0,4
0,26,0,3,0,0,0
0,23,0,2,0,0,4
0,18,0,2,0,0,0
0,23,0,2,0,0,4
0,29,0,2,0,0,8
0,23,0,2,0,0,4
0,25,0,3,0,0,2
0,22,0,2,0,0,3
0,22,0,2,0,0,4
0,25,0,2,0,0,5
0,26,0,2,0,0,5
0,22,0,2,0,0,0
0,21,0,2,0,0,0
0,21,0,2,0,0,3
0,23,0,2,0,0,3
0,21,0,2,0,0,2
0,25,0,2,0,0,5
0,25,0,3,0,0,0
0,20,0,2,0,0,3
0,22,0,2,0,0,3
0,23,0,2,0,0,4
0,27,0,2,0,0,6
0,32,0,2,0,0,10
0,20,0,2,0,0,0
0,24,0,2,0,0,4
0,22,0,2,0,0,4
0,30,0,3,0,0,7
0,21,0,2,0,0,3
0,24,0,2,0,0,4
0,27,0,2,0,0,6
0,26,0,2,0,0,4
0,28,0,2,0,0,6
0,25,0,3,3,0,4
0,26,0,2,0,0,6
0,27,1,2,0,0,6
0,19,0,2,0,0,1
0,29,0,2,2,0,8
0,23,0,2,0,0,3
0,23,1,2,0,0,3
0,25,0,3,0,0,0
0,24,0,2,0,0,5
0,25,0,3,0,0,0
0,28,0,2,0,0,7
0,24,0,2,0,0,4
0,28,0,2,0,0,6
0,19,0,2,1,0,2
0,29,1,2,0,0,7
0,26,0,2,0,0,0
0,18,0,2,0,0,1
0,26,0,2,0,0,7
0,24,0,2,0,0,4
0,20,0,2,0,0,1
0,21,0,2,1,0,3
0,21,0,2,0,0,2
0,25,0,2,0,0,0
0,25,0,2,0,0,5
0,22,0,2,0,0,2
0,28,0,3,0,0,5
0,21,0,2,0,0,3
0,24,0,2,0,0,5
0,20,0,2,0,0,3
0,24,0,2,0,0,4
0,22,0,3,0,0,1
0,23,0,2,0,0,5
0,25,0,2,0,0,4
0,26,0,2,0,0,6
0,20,0,2,0,0,2
0,20,0,2,0,0,2
0,33,0,2,0,0,9
0,25,0,2,0,0,0
0,20,0,2,0,0,3
0,19,0,2,0,0,1
0,25,0,2,1,0,5
0,24,0,2,2,0,5
0,26,0,2,0,0,6
0,26,0,3,0,0,4
0,20,0,2,0,0,2
0,22,0,2,0,0,3
0,21,0,2,0,0,2
0,20,0,2,0,0,2
0,24,0,2,0,0,4
0,19,0,2,0,0,0
0,24,0,2,2,0,5
0,17,0,2,0,0,1
0,22,0,3,0,0,1
0,21,0,2,0,0,3
0,24,1,2,0,0,6
0,24,0,2,0,0,5
0,29,1,2,0,0,9
0,21,0,2,1,0,3
0,27,0,2,0,0,6
0,25,0,2,0,0,0
0,27,0,2,0,0,6
0,24,0,2,0,0,5
0,29,0,2,0,0,8
0,20,0,2,0,0,2
0,25,0,3,0,0,4
0,29,2,2,0,0,7
0,30,0,2,0,0,8
0,22,0,2,0,0,3
0,24,0,2,0,0,0
0,26,0,2,0,0,5
0,25,0,2,0,0,4
0,18,0,2,0,0,1
0,22,0,2,2,0,5
0,22,0,2,1,0,3
0,30,0,2,0,0,9
0,21,0,2,0,0,3
0,22,0,2,0,0,4
0,26,0,2,0,0,5
0,28,0,2,0,0,6
0,27,0,2,0,0,0
0,20,0,2,0,0,2
0,19,0,2,0,0,2
0,33,1,2,0,0,10
0,22,0,2,0,0,3
0,22,0,2,0,0,2
0,19,0,2,0,0,0
0,38,0,3,0,0,0
1,32,0,1,0,0,12
1,30,0,2,0,0,2
1,40,0,2,0,0,3
1,48,1,1,0,0,9
1,70,0,4,0,0,8
1,53,1,3,3,0,0
1,55,0,2,0,0,8
1,74,1,2,0,0,5
1,147,1,2,0,0,5
1,128,2,2,0,0,17
1,116,2,1,0,0,17
1,116,2,1,0,0,17
1,116,2,1,0,0,17
1,147,2,5,0,0,9
1,150,2,5,0,0,9
1,148,2,5,0,0,9
1,34,0,2,0,0,8
1,55,1,3,8,0,13
1,146,3,3,3,0,17
1,51,0,3,3,0,0
1,44,1,1,0,0,9
1,45,0,2,5,0,5
1,47,0,3,2,0,2
1,63,0,3,3,0,0
1,39,1,1,3,0,12
1,52,1,3,3,0,0
1,82,1,3,0,0,4
1,64,1,2,7,0,0
1,57,0,3,3,0,0
1,67,3,3,3,0,0
1,59,0,3,3,0,0
1,203,0,2,0,0,4
1,82,1,3,0,0,4
1,71,1,2,0,0,4
1,38,1,2,0,0,4
1,88,0,3,7,0,0
1,49,1,3,3,0,0
1,31,1,2,0,0,10
1,64,1,2,3,0,0
1,74,0,3,0,0,13
1,77,3,3,3,0,0
1,40,2,1,0,0,12
1,76,1,3,7,0,0
1,46,0,1,0,0,7
1,62,1,2,0,0,8
1,29,1,1,0,0,8
1,68,0,2,0,0,5
1,70,0,1,0,0,4
1,46,0,2,0,0,3
1,64,2,2,0,0,16
1,66,3,3,3,0,0
1,68,3,3,7,0,0
1,65,4,3,1,0,10
1,73,5,3,7,0,0
1,19,0,1,0,0,4
1,243,1,2,0,0,5
1,26,1,1,0,0,8
1,26,0,1,0,0,10
1,88,0,3,0,0,10
1,252,3,3,0,0,8
1,255,3,3,0,0,8
1,47,0,3,2,0,4
1,66,0,4,0,0,3
1,91,0,3,3,0,0
1,69,3,3,7,0,0
1,71,4,3,7,0,0
1,158,1,3,0,0,7
1,59,0,4,3,0,4
1,159,3,7,0,0,11
1,56,0,1,0,0,6
1,237,0,2,0,0,9
1,227,1,4,3,0,0
1,147,1,3,3,0,0
1,63,2,3,3,0,0
1,70,3,3,0,0,1
1,44,1,3,0,0,1
1,69,1,3,0,0,9
1,162,2,3,3,0,0
1,18,0,1,0,0,4
1,19,0,1,0,0,4
1,78,3,3,3,0,0
1,74,3,3,3,0,0
1,47,0,2,0,0,4
1,63,2,2,0,0,18
1,72,3,3,3,0,0
1,66,1,3,0,0,11
1,36,0,2,0,0,11
1,81,3,3,3,0,0
1,70,4,3,3,0,0
1,74,0,3,1,0,3
1,99,1,4,1,0,3
1,33,0,2,0,0,5
1,84,0,3,3,0,0
1,137,1,3,0,0,7
1,126,1,3,0,0,7
1,126,1,3,0,0,7
1,146,1,3,4,0,0
1,136,1,3,0,0,7
1,172,1,3,0,0,7
1,58,1,1,0,0,3
1,70,0,1,0,0,12
1,38,1,1,0,0,7
1,21,0,1,0,0,5
1,40,0,2,6,0,0
1,47,0,2,0,0,3
1,41,0,1,0,0,10
1,59,2,2,0,0,6
1,51,0,3,0,0,9
1,45,0,4,0,0,2
1,63,2,3,4,0,0
1,77,3,3,5,0,0
1,49,3,3,5,0,1
1,58,1,3,0,0,7
1,22,0,2,0,0,3
1,36,1,2,0,0,3
1,27,1,1,0,0,6
1,132,0,3,2,0,3
1,72,1,2,0,0,6
1,59,1,1,0,0,3
1,72,0,1,0,0,9
1,69,0,2,0,0,5
1,131,3,3,3,0,0
1,156,3,3,7,0,0
1,44,0,3,0,0,11
1,42,0,2,0,0,7
1,48,0,2,0,0,9
1,65,4,2,0,0,0
1,73,2,3,15,0,0
1,46,0,2,0,0,0
1,66,3,3,0,0,7
1,32,0,2,3,0,0
1,43,0,2,3,0,0
1,138,1,5,0,0,3
1,49,0,2,0,0,0
1,75,2,3,15,0,0
1,129,1,3,0,0,6
1,56,1,2,0,0,13
1,33,1,1,0,0,13
1,51,0,2,0,0,0
1,31,0,2,0,0,3
1,72,4,3,7,0,0
1,26,0,2,0,0,3
1,74,3,3,3,0,0
1,37,0,2,0,0,5
1,61,0,2,0,0,4
1,217,1,2,0,0,9
1,64,2,3,5,0,0
1,150,2,3,4,0,6
1,79,4,3,7,0,0
1,34,0,3,0,0,0
1,48,0,3,0,0,3
1,24,0,1,0,0,7
1,48,0,1,0,0,14
1,140,7,10,0,0,12
1,54,1,2,0,0,3
1,65,1,2,0,0,7
1,28,0,1,0,0,0
1,35,0,3,0,0,0
1,86,0,3,7,0,0
1,137,1,6,0,0,4
1,132,0,2,0,0,3
1,33,0,1,0,0,10
1,44,0,1,0,0,3
1,139,1,6,0,0,6
1,40,0,2,14,0,7
1,40,1,3,0,0,3
1,89,1,1,1,0,10
1,38,1,1,0,0,5
1,45,0,3,3,0,0
1,53,0,1,0,0,4
1,131,2,3,0,0,12
1,62,2,3,0,0,3
1,76,0,3,0,0,12
1,242,0,3,0,0,6
1,37,0,2,1,0,4
1,57,2,3,0,0,3
1,47,0,2,0,0,6
1,44,1,2,0,0,3
1,38,0,1,0,0,9
1,43,0,2,0,0,5
1,45,0,1,0,0,8
1,39,0,1,0,0,16
1,62,1,3,0,0,3
1,250,0,3,0,0,6
1,41,2,2,0,0,4
1,71,0,1,0,0,6
1,50,0,3,3,0,0
1,68,1,3,0,0,6
1,44,0,2,1,0,4
1,41,0,2,0,0,0
1,25,0,1,0,0,6
1,28,0,2,0,0,6
1,61,0,2,0,0,7
1,48,1,3,0,0,2
1,44,0,2,0,0,0
1,51,1,3,5,0,0
1,47,3,2,0,0,0
1,64,2,3,5,0,0
1,58,1,2,0,0,14
1,76,3,3,3,0,0
1,30,0,2,0,0,6
1,25,0,2,3,0,0
1,38,0,4,1,0,3
1,43,0,2,0,0,13
1,31,0,2,0,0,6
1,79,3,3,3,0,0
1,43,0,3,0,0,8
1,63,2,3,3,0,0
1,207,0,2,0,0,3
1,32,0,2,0,0,6
1,49,0,2,0,0,0
1,69,2,3,9,0,0
1,68,2,3,0,0,9
1,51,0,3,0,0,0
1,33,0,2,0,0,3
1,52,0,3,3,0,3
1,68,0,1,0,0,2
1,146,4,3,7,0,0
1,50,1,3,3,0,0
1,29,0,2,0,0,8
1,25,0,1,0,0,8
1,52,0,4,1,0,3
1,80,0,3,0,0,11
1,65,2,3,5,0,0
1,77,3,3,3,0,0
1,45,0,2,0,0,3
1,50,0,2,0,0,14
1,73,4,3,7,0,0
1,57,0,2,0,0,6
1,38,0,2,0,0,3
1,191,2,2,0,0,6
1,49,0,2,0,0,5
1,215,1,3,0,0,11
1,40,0,3,0,0,6
1,212,0,3,0,0,5
1,20,0,1,0,0,0
1,39,0,3,0,0,5
1,69,0,1,0,0,10
1,44,0,2,0,0,11
1,93,2,1,0,0,6
1,93,2,1,0,0,6
1,48,0,2,0,0,6
1,49,0,2,0,0,6
1,29,0,2,0,0,5
1,47,0,2,0,0,9
1,56,0,2,0,0,9
1,50,0,2,0,0,8
1,49,0,2,0,0,8
1,32,0,2,0,0,9
1,59,0,3,0,0,9
1,204,0,2,0,0,9
1,74,1,2,0,0,2
1,68,0,1,0,0,3
1,66,0,1,0,0,2
1,84,0,1,0,0,10
1,86,0,3,0,0,10
1,47,0,4,11,1,11
1,71,1,1,0,0,11
1,47,0,5,0,0,7
1,71,2,2,0,0,7
1,113,0,7,2,0,3
1,27,0,1,0,0,7
1,92,2,3,5,0,0
1,104,4,3,0,0,12
1,85,4,3,3,0,0
1,77,0,1,1,0,3
1,77,1,1,0,0,6
1,44,1,1,0,0,6
1,94,4,3,7,0,0
1,138,2,2,0,0,3
1,44,1,2,0,0,6
1,117,1,3,3,0,0
1,70,3,3,5,0,0
1,64,2,3,6,0,0
1,31,0,3,10,1,10
1,78,0,2,0,0,10
1,75,0,1,0,0,15
1,83,0,3,3,0,0
1,95,0,3,3,0,0
1,58,0,3,0,0,10
1,100,1,3,6,0,0
1,192,0,3,0,0,3
1,66,1,2,0,0,4
1,73,0,3,0,0,7
1,69,0,3,0,0,5
1,36,0,3,0,0,5
1,71,1,2,0,0,7
1,180,0,3,3,0,0
1,89,1,4,1,0,4
1,57,0,2,0,0,2
1,24,0,2,0,0,2
1,94,0,3,0,0,12
1,77,0,3,0,0,12
1,55,0,1,0,0,5
1,101,3,3,7,0,0
1,73,4,3,7,0,0
1,210,0,3,0,0,12
1,167,2,3,0,0,7
1,147,4,3,7,0,0
1,66,1,2,0,0,5
1,76,0,3,3,0,0
1,58,0,3,0,0,8
1,43,0,2,1,0,1
1,45,0,2,0,0,7
1,102,2,2,0,0,11
1,42,0,2,0,0,7
1,78,0,4,0,0,13
1,212,0,4,0,0,7
1,21,0,1,0,0,0
1,64,3,3,3,0,0
1,43,0,2,0,0,2
1,201,0,2,0,0,2
1,112,3,3,7,0,0
1,76,3,3,3,0,0
1,48,0,4,11,1,13
1,54,1,2,0,0,12
1,25,1,1,0,0,6
1,26,1,2,0,0,6
1,25,0,2,0,0,5
1,25,1,1,0,0,5
1,28,1,2,0,0,5
1,23,0,2,0,0,4
1,28,0,2,0,0,7
1,28,0,2,0,0,8
1,237,0,16,1,0,2
1,62,0,4,1,0,2
1,47,0,2,0,0,5
1,85,1,2,0,0,11
1,28,0,1,0,0,0
1,35,0,2,0,0,9
1,66,5,3,3,0,1
1,53,1,2,0,0,6
1,63,2,3,5,0,0
1,65,0,2,0,0,5
1,27,0,1,1,0,5
1,26,0,1,1,0,5
1,62,1,3,6,0,0
1,69,3,3,3,0,0
1,22,0,1,0,0,6
1,50,0,2,0,0,0
1,85,4,3,7,0,0
1,38,0,3,0,0,6
1,61,1,3,0,0,8
1,49,0,2,0,0,0
1,51,0,2,0,0,0
1,72,2,3,7,0,0
1,79,4,3,7,0,0
1,39,0,2,0,0,7
1,62,0,2,0,0,9
1,56,0,5,0,0,9
1,238,1,2,0,0,8
1,35,0,1,0,0,11
1,72,0,2,0,0,4
1,45,0,2,8,0,0
1,20,0,1,0,0,2
1,68,0,2,0,0,4
1,195,0,2,0,0,9
1,30,0,1,0,0,6
1,140,3,3,3,0,0
1,139,3,3,3,0,0
1,28,0,1,0,0,6
1,34,0,2,0,0,6
1,102,2,1,0,0,8
1,54,1,1,0,0,9
1,76,0,7,6,0,4
1,217,0,1,0,0,13
1,237,0,3,0,0,18
1,60,0,3,7,0,0
1,45,0,1,0,0,9
1,69,0,2,0,0,7
1,66,1,3,3,0,0
1,83,1,3,10,0,4
1,86,0,3,3,0,0
1,72,0,3,7,0,0
1,70,4,3,7,0,0
1,98,3,3,7,0,0
1,71,1,3,3,0,0
1,151,2,2,0,0,19
1,93,0,3,3,0,0
1,90,1,3,6,0,0
1,186,0,3,3,0,0
1,53,1,3,3,0,0
1,29,0,1,0,0,9
1,66,0,3,6,0,0
1,66,0,3,6,0,0
1,71,1,3,3,0,0
1,86,1,3,3,0,0
1,148,1,3,6,0,0
1,243,0,3,0,0,12
1,85,6,3,7,0,0
1,82,0,3,3,0,0
1,63,1,3,3,0,0
1,70,2,3,10,0,0
1,217,0,2,0,0,7
1,67,0,3,7,0,0
1,37,1,2,0,0,4
1,30,1,1,2,0,12
1,122,1,4,0,0,4
1,69,0,2,0,0,7
1,45,0,2,0,0,2
1,67,3,3,3,0,0
1,74,0,3,0,0,4
1,72,0,3,0,0,4
1,38,0,2,0,0,2
1,70,0,1,0,0,4
1,33,1,1,2,0,15
1,20,0,3,10,1,11
1,52,1,3,0,0,3
1,52,1,2,0,0,7
1,45,1,2,4,0,0
1,39,0,1,0,0,5
1,51,0,2,0,0,0
1,56,3,2,0,0,12
1,44,0,2,0,0,8
1,61,0,3,7,0,0
1,44,0,2,0,0,0
1,30,0,1,0,0,5
1,45,0,3,0,0,7
1,45,0,6,1,0,4
1,71,0,4,0,0,4
1,53,1,2,0,0,11
1,87,1,1,0,0,6
1,90,0,6,0,0,11
1,74,2,3,3,0,0
1,51,0,3,5,0,0
1,33,0,3,0,0,3
1,52,0,2,0,0,0
1,48,1,2,0,0,11
1,48,0,3,7,0,0
1,46,0,2,0,0,5
1,47,0,2,0,0,16
1,75,0,1,0,0,11
1,48,0,3,0,0,4
1,74,1,2,0,0,2
1,22,0,1,0,0,4
1,231,0,2,0,0,9
1,218,0,3,0,0,7
1,48,0,2,0,0,0
1,73,2,3,6,0,0
1,23,0,1,0,0,0
1,61,2,3,3,0,0
1,72,0,6,0,0,7
1,44,0,2,0,0,3
1,22,0,2,0,0,2
1,54,0,2,0,0,12
1,56,1,2,0,0,8
1,183,1,7,0,0,5
1,39,0,2,0,0,3
1,78,0,3,4,0,10
1,71,1,2,3,0,0
1,57,2,4,5,0,2
1,84,3,1,0,0,16
1,113,2,4,0,0,8
1,99,3,2,0,0,0
1,48,0,3,0,0,5
1,55,0,2,0,0,5
1,33,0,1,0,0,13
1,29,0,1,0,0,11
1,22,0,1,0,0,5
1,37,0,2,3,0,0
1,62,1,3,3,0,0
1,42,1,2,0,0,14
1,27,0,1,0,0,9
1,77,1,3,0,0,6
1,111,3,3,7,0,0
1,59,0,3,3,0,0
1,85,4,3,7,0,0
1,86,4,3,7,0,0
1,734,3,2,0,0,17
1,48,0,2,0,0,3
1,72,0,1,0,0,10
1,85,1,1,0,0,11
1,68,3,3,3,0,0
1,105,0,3,3,0,0
1,21,0,1,0,0,5
1,67,0,2,16,0,0
1,111,1,2,6,0,0
1,91,5,3,3,0,0
1,32,0,2,3,0,0
1,183,0,3,3,0,0
1,69,1,3,3,0,0
1,779,3,3,11,0,0
1,70,1,3,11,0,0
1,32,0,2,4,0,3
1,64,0,1,0,0,7
1,63,0,5,0,0,2
1,29,1,2,0,0,8
1,68,0,3,0,0,4
1,33,0,2,0,0,0
1,65,2,3,6,0,0
1,69,0,2,0,0,3
1,52,0,2,0,0,3
1,56,1,2,0,0,7
1,44,2,3,0,0,1
1,19,0,1,0,0,4
1,48,1,3,0,0,6
1,36,0,2,0,0,5
1,151,2,2,0,0,5
1,251,0,2,0,0,8
1,134,0,3,0,0,3
1,251,0,2,0,0,8
1,251,0,2,0,0,8
1,89,1,2,0,0,11
1,55,0,2,6,0,0
1,50,0,2,0,0,4
1,46,0,1,0,0,4
1,42,0,1,0,0,4
1,125,2,3,8,0,0
1,41,0,3,0,0,4
1,43,0,2,0,0,4
1,116,0,2,0,0,3
1,128,0,3,0,0,3
1,62,2,4,0,0,5
1,65,1,3,3,0,0
1,33,0,2,3,0,3
1,22,1,1,0,0,5
1,48,0,2,0,0,0
1,120,0,2,0,0,5
1,68,2,3,8,0,0
1,40,0,2,0,0,10
1,46,0,2,0,0,10
1,37,0,2,0,0,10
1,41,0,3,0,0,10
1,38,0,2,0,0,10
1,40,0,2,0,0,10
1,37,0,2,0,0,10
1,40,0,2,0,0,10
1,37,0,2,0,0,10
1,56,0,2,0,0,0
1,39,0,2,0,0,10
1,36,0,2,0,0,10
1,43,0,2,0,0,10
1,44,0,2,0,0,10
1,37,0,2,1,0,4
1,39,0,2,0,0,10
1,37,0,2,0,0,10
1,43,0,2,0,0,10
1,46,0,2,0,0,10
1,44,0,2,0,0,10
1,44,0,2,0,0,10
1,37,0,2,0,0,10
1,49,0,2,0,0,3
1,85,0,1,0,0,9
1,37,0,6,9,1,4
1,67,0,3,7,0,0
1,53,0,3,0,0,13
1,38,0,2,0,0,4
1,74,2,3,16,0,0
1,48,0,2,0,0,0
1,42,1,2,0,0,5
1,48,0,7,9,1,4
1,58,1,3,0,0,7
1,78,1,2,0,0,5
1,66,0,1,0,0,2
1,75,4,3,7,0,0
1,54,0,3,7,0,0
1,20,1,1,0,0,5
1,34,0,2,0,0,3
1,63,1,2,1,0,5
1,102,3,1,0,0,12
1,34,0,2,1,0,3
1,56,0,3,3,0,0
1,54,1,3,0,0,10
1,21,0,1,0,0,0
1,54,1,2,0,0,7
1,79,0,3,0,0,12
1,27,0,1,0,0,8
1,54,0,2,1,0,3
1,65,1,2,0,0,4
1,41,0,2,0,0,5
1,151,2,2,0,0,19
1,150,2,2,0,0,19
1,41,0,1,0,0,6
1,69,1,4,0,0,3
1,19,1,1,0,0,5
1,84,0,6,3,0,5
1,53,0,5,0,0,12
1,72,0,1,0,0,10
1,83,0,5,3,0,5
1,265,0,2,0,0,12
1,33,1,2,0,0,6
1,63,1,1,0,0,13
1,96,1,3,3,0,0
1,24,0,1,0,0,7
1,91,1,3,0,0,7
1,29,0,1,0,0,10
1,98,2,3,3,0,0
1,32,0,1,0,0,8
1,52,1,3,0,0,12
1,97,0,2,0,0,2
1,64,0,2,0,0,2
1,88,0,3,0,0,15
1,19,0,1,0,0,0
1,60,1,3,3,0,0
1,39,0,2,0,0,7
1,97,0,2,0,0,2
1,90,0,4,0,0,15
1,91,0,3,0,0,15
1,138,1,2,0,0,10
1,55,0,1,0,0,15
1,44,0,3,0,0,12
1,97,0,2,0,0,2
1,62,0,4,0,0,6
1,126,3,3,5,0,0
1,93,1,6,0,0,5
1,35,1,2,0,0,6
1,61,0,3,0,0,12
1,18,1,1,0,0,5
1,51,0,3,0,0,2
1,67,0,3,0,0,2
1,44,2,3,0,0,1
1,83,0,5,3,0,5
1,59,1,3,3,0,0
1,66,1,3,0,0,3
1,308,3,4,0,0,5
1,308,3,4,0,0,5
1,163,0,4,0,0,3
1,65,2,3,7,0,0
1,207,0,4,0,0,3
1,207,0,4,0,0,3
1,169,2,3,3,0,0
1,70,0,2,0,0,5
1,170,2,5,0,0,2
1,83,0,2,0,0,10
1,83,0,2,0,0,10
1,83,0,2,0,0,10
1,83,0,2,0,0,10
1,83,0,2,0,0,10
1,272,4,5,0,0,5
1,71,2,2,0,0,9
1,64,1,1,0,0,13
1,94,0,3,3,0,5
1,94,0,3,3,0,5
1,94,0,3,3,0,5
1,94,0,3,3,0,5
1,95,0,3,3,0,5
1,95,0,3,3,0,5
1,65,1,1,0,0,13
1,45,0,3,0,0,8
1,54,1,2,0,0,2
1,91,2,3,0,0,8
1,98,3,3,0,0,8
1,119,1,4,0,0,16
1,118,1,4,0,0,16
1,76,1,5,0,0,5
1,60,2,3,0,0,8
1,91,4,3,7,0,0
1,63,3,2,0,0,8
1,56,2,2,0,0,8
1,46,0,1,0,0,11
1,94,0,3,3,0,5
1,92,2,3,0,0,8
1,146,1,3,6,0,0
1,68,1,2,0,0,2
1,68,3,3,7,0,0
1,99,3,3,0,0,8
1,64,1,1,0,0,13
1,236,1,4,0,0,16
1,150,2,3,3,0,0
1,94,0,3,3,0,5
1,51,0,2,0,0,4
1,57,0,2,3,0,0
1,61,1,5,0,0,5
1,122,0,6,3,0,3
1,59,3,2,0,0,0
1,101,3,3,7,0,0
1,74,2,3,11,0,0
1,63,3,3,7,0,0
1,98,1,3,7,0,0
1,70,4,3,7,0,0
1,61,3,3,5,0,0
1,48,0,2,0,0,16
1,87,0,3,6,0,0
1,210,0,3,0,0,12
1,202,0,3,0,0,12
1,35,0,2,0,0,12
1,45,1,1,0,0,6
1,91,1,3,0,0,6
1,210,0,3,0,0,1
1,40,0,2,0,0,1
1,70,1,3,6,0,0
1,69,3,3,3,0,0
1,147,0,3,3,0,0
1,60,3,3,3,0,0
1,74,1,3,3,0,0
1,80,0,3,1,0,3
1,151,3,3,3,0,0
1,151,3,2,0,0,14
1,94,1,3,6,0,0
1,58,0,3,3,0,0
1,72,2,3,3,0,0
1,162,2,3,3,0,0
1,67,0,2,0,0,10
1,50,0,2,0,0,0
1,74,2,3,6,0,0
1,34,0,2,0,0,3
1,74,1,1,0,0,5
1,39,0,3,0,0,4
1,32,0,1,0,0,9
1,65,0,1,0,0,11
1,90,4,2,5,0,16
1,52,0,2,2,0,6
1,147,4,3,7,0,0
1,24,1,1,0,0,8
1,44,2,3,0,0,1
1,69,0,2,0,0,11
1,93,0,2,0,0,7
1,49,0,2,0,0,0
1,57,1,2,2,0,14
1,74,4,3,7,0,0
1,34,0,2,1,0,3
1,43,1,2,0,0,7
1,69,0,2,0,0,10
1,81,0,3,0,0,10
1,33,0,3,0,0,1
1,157,1,3,6,0,0
1,153,1,3,3,0,0
1,212,2,7,0,0,10
1,212,2,7,0,0,10
1,38,0,2,0,0,7
1,59,1,2,0,0,9
1,78,3,3,3,0,0
1,79,3,3,3,0,0
1,143,1,4,6,0,0
1,71,0,3,0,0,7
1,48,0,2,0,0,8
1,41,0,2,0,0,8
1,45,0,1,0,0,8
1,42,0,1,0,0,11
1,78,0,3,0,0,10
1,81,0,3,0,0,10
1,52,0,2,0,0,10
1,32,0,1,0,0,4
1,51,0,1,2,0,4
1,55,1,3,2,0,3
1,24,1,1,0,0,6
1,60,1,3,2,0,3
1,89,3,2,7,0,10
1,141,7,8,0,0,12
1,94,0,3,2,0,3
1,80,0,3,1,0,3
1,82,0,2,2,0,3
1,30,0,2,0,0,3
1,27,0,1,0,0,6
1,43,0,1,0,0,5
1,66,3,3,7,0,0
1,73,0,1,0,0,5
1,74,0,1,0,0,5
1,80,1,3,0,0,8
1,60,0,3,3,0,0
1,35,0,3,0,0,2
1,40,0,1,0,0,10
1,44,0,2,0,0,7
1,57,0,3,3,0,0
1,19,0,1,0,0,0
1,49,0,4,0,0,4
1,23,1,1,0,0,7
1,58,1,2,0,0,19
1,33,0,2,0,0,5
1,30,0,2,3,0,4
1,50,0,4,0,0,4
1,44,0,4,0,0,4
1,32,1,3,0,0,1
1,57,0,2,0,0,5
1,74,1,1,0,0,6
1,39,2,2,0,0,9
1,25,0,2,0,0,6
1,142,0,3,0,0,3
1,142,0,3,0,0,3
1,89,1,2,0,0,11
1,89,1,2,0,0,11
1,68,0,1,0,0,3
1,89,1,2,0,0,11
1,89,1,2,0,0,11
1,75,1,1,0,0,6
1,75,0,1,0,0,2
1,73,0,1,0,0,8
1,21,0,1,0,0,0
1,84,0,2,0,0,11
1,53,1,2,0,0,11
1,62,2,4,0,0,7
1,51,0,4,0,0,6
1,21,0,1,0,0,6
1,22,0,1,0,0,6
1,54,2,3,1,0,2
1,42,0,2,0,0,6
1,33,2,2,0,0,2
1,41,0,2,0,0,7
1,556,0,3,1,0,7
1,45,0,4,0,0,2
1,95,3,3,3,0,0
1,43,0,2,0,0,14
1,33,0,2,0,0,4
1,71,0,4,0,0,7
1,63,0,3,0,0,7
1,56,0,3,0,0,7
1,52,0,2,0,0,12
1,202,0,4,0,0,4
1,60,0,4,0,0,4
1,27,1,1,2,0,3
1,53,1,3,0,0,7
1,66,0,1,0,0,2
1,45,0,5,0,1,8
1,109,0,3,3,0,0
1,53,0,3,3,0,0
1,58,0,3,3,0,0
1,48,0,2,0,0,5
1,90,2,3,3,0,0
1,61,1,3,3,0,0
1,68,0,3,3,0,0
1,111,1,3,3,0,0
1,56,1,3,13,0,0
1,40,1,2,13,0,0
1,119,0,3,7,0,0
1,45,0,3,0,0,3
1,62,0,3,3,0,0
1,88,0,3,3,0,0
1,40,0,2,0,0,9
1,43,1,2,6,0,0
1,26,1,1,0,0,6
1,53,1,2,0,0,4
1,199,0,2,0,0,6
1,67,0,3,3,0,0
1,123,1,3,3,0,0
1,163,2,3,3,0,0
1,72,1,3,3,0,0
1,85,3,3,7,0,0
1,50,0,2,0,0,3
1,94,0,3,0,0,3
1,76,3,4,0,0,19
1,72,1,3,5,0,0
1,74,1,2,0,0,5
1,74,1,2,0,0,5
1,91,1,2,0,0,5
1,89,1,3,0,0,7
1,77,1,2,0,0,5
1,75,0,2,0,0,3
1,76,0,2,0,0,3
1,74,0,2,0,0,3
1,76,0,2,0,0,3
1,48,0,3,0,0,4
1,59,0,2,18,0,27
1,104,0,4,0,0,4
1,74,1,2,0,0,8
1,140,3,3,7,0,0
1,91,4,3,7,0,0
1,136,2,3,5,0,0
1,71,1,3,0,0,8
1,27,1,1,0,0,3
1,52,0,2,0,0,0
1,73,1,3,0,0,7
1,52,0,6,0,0,8
1,52,0,2,0,0,0
1,67,3,3,7,0,0
1,48,0,2,0,0,0
1,73,2,3,6,0,0
1,69,3,3,7,0,0
1,220,0,3,0,0,10
1,49,0,2,0,0,5
1,73,0,2,0,0,8
1,55,0,4,0,0,3
1,89,0,1,0,0,7
1,44,0,3,0,0,4
1,142,3,4,0,0,5
1,263,3,4,0,0,5
1,263,3,4,0,0,5
1,74,0,2,0,0,8
1,70,1,1,0,0,2
1,76,0,1,0,0,8
1,41,0,2,0,0,9
1,60,1,2,0,0,4
1,164,0,3,0,0,6
1,49,0,3,0,0,7
1,42,0,3,0,0,2
1,35,0,1,0,0,11
1,112,15,2,0,0,6
1,83,0,3,0,0,7
1,30,0,3,0,0,2
1,54,0,3,0,0,11
1,61,2,2,0,0,10
1,198,0,2,1,0,3
1,198,0,2,1,0,3
1,70,4,3,7,0,0
1,229,2,4,0,0,5
1,31,0,2,0,0,10
1,50,1,2,0,0,7
1,89,1,2,0,0,11
1,157,1,3,6,0,0
1,222,0,2,0,0,5
1,47,0,1,0,0,5
1,214,0,2,0,0,5
1,78,0,3,0,0,12
1,70,1,3,4,0,0
1,59,2,2,0,0,10
1,70,0,3,0,0,12
1,208,0,3,0,0,7
1,58,0,3,0,0,17
1,74,1,2,0,0,15
1,61,2,2,0,0,10
1,224,0,2,0,0,5
1,224,0,2,0,0,5
1,243,1,3,0,0,14
1,215,0,3,0,0,7
1,21,0,1,0,0,4
1,206,0,2,0,0,9
1,56,0,2,0,0,9
1,18,1,1,0,0,3
1,50,2,2,0,0,5
1,36,2,2,1,0,13
1,34,2,2,1,0,12
1,34,2,2,1,0,12
1,60,0,2,0,0,6
1,44,0,6,9,1,4
1,34,0,5,9,1,4
1,34,0,5,9,1,4
1,34,1,3,0,0,8
1,30,0,2,5,0,5
1,23,0,2,0,0,1
1,29,2,1,1,0,12
1,29,2,1,1,0,12
1,29,2,1,1,0,12
1,31,2,1,1,0,13
1,31,2,1,1,0,13
1,31,2,1,1,0,13
1,31,2,1,1,0,13
1,38,0,1,0,0,11
1,38,0,1,0,0,11
1,63,2,3,6,0,0
1,51,0,2,0,0,11
1,53,2,2,0,0,8
1,27,0,2,0,0,7
1,62,3,3,5,0,0
1,47,0,2,0,0,5
1,43,1,2,0,0,0
1,44,0,3,0,0,3
1,57,1,1,1,0,5
1,54,1,2,1,0,4
1,236,0,3,0,0,12
1,173,1,6,0,0,5
1,33,0,2,0,0,5
1,57,0,3,0,0,12
1,48,0,2,0,0,0
1,39,0,3,0,0,2
1,48,0,5,0,0,8
1,37,0,1,0,0,11
1,47,0,2,0,0,9
1,53,0,2,0,0,12
1,43,1,2,0,0,19
1,84,3,1,0,0,16
1,145,3,4,0,0,3
1,66,1,2,0,0,6
1,68,0,1,0,0,3
1,19,0,1,0,0,0
1,29,0,1,0,0,2
1,88,0,2,0,0,4
1,71,0,2,0,0,4
1,145,1,3,0,0,5
1,237,0,2,0,0,4
1,41,1,1,0,0,10
1,23,0,2,0,0,4
1,33,1,1,0,0,11
1,38,0,5,0,0,2
1,32,0,1,0,0,11
1,49,0,2,0,0,14
1,78,0,2,0,0,5
1,28,0,1,0,0,0
1,57,0,3,0,0,4
1,125,0,8,0,0,7
1,42,0,4,0,0,7
1,252,2,3,8,0,17
1,271,0,14,0,0,10
1,66,3,3,3,0,0
1,36,0,5,0,0,1
1,64,0,2,1,0,8
1,74,1,3,5,0,0
1,45,0,3,0,0,4
1,85,0,3,0,0,4
1,72,3,2,0,0,6
1,54,0,3,3,0,0
1,229,1,3,0,0,14
1,232,1,3,0,0,14
1,36,0,2,0,0,4
1,87,1,6,0,0,13
1,137,2,4,0,0,3
1,50,0,2,0,0,6
1,137,2,4,0,0,3
1,154,3,3,3,0,0
1,137,2,4,0,0,3
1,160,1,2,0,0,5
1,161,1,2,0,0,5
1,34,0,2,1,0,3
1,96,1,3,3,0,0
1,40,0,3,0,0,4
1,27,0,2,0,0,4
1,242,0,2,0,0,8
1,73,3,3,3,0,0
1,50,0,4,0,0,2
1,55,0,3,3,0,0
1,145,4,3,7,0,0
1,84,0,3,3,0,0
1,82,2,3,5,0,0
1,52,0,4,0,0,2
1,40,1,2,0,0,4
1,76,0,1,0,0,8
1,148,1,3,5,0,0
1,105,1,3,12,0,0
1,36,0,2,0,0,3
1,212,0,3,0,0,3
1,50,0,4,0,0,4
1,83,3,3,3,0,0
1,28,0,2,0,0,3
1,40,0,3,0,0,5
1,54,0,2,0,0,0
1,166,2,3,7,0,0
1,70,2,3,3,0,0
1,62,1,1,0,0,6
1,115,3,6,1,0,4
1,54,0,3,0,0,10
1,59,1,2,0,0,11
1,135,1,2,0,0,5
1,47,1,2,0,0,4
1,47,0,2,0,0,0
1,72,2,3,5,0,0
1,36,1,2,5,0,2
1,51,1,3,1,0,3
1,55,0,2,0,0,9
1,25,0,1,0,0,7
1,94,1,1,0,0,13
1,48,1,2,0,0,4
1,79,4,2,4,0,0
1,44,0,2,0,0,0
1,50,1,3,5,0,0
1,158,3,3,7,0,0
1,46,0,2,0,0,0
1,67,2,3,6,0,0
1,34,0,2,0,0,7
1,55,1,2,1,0,14
1,32,1,1,1,0,14
1,96,2,3,12,0,0
1,29,1,1,2,0,11
1,74,4,3,7,0,0
1,49,0,2,0,0,0
1,43,1,2,0,0,9
1,136,2,3,5,0,0
1,147,1,3,5,0,0
1,23,0,2,0,0,4
1,48,1,4,0,0,7
1,19,0,1,0,0,0
1,51,0,4,0,0,4
1,61,2,2,0,0,9
1,57,2,1,0,0,9
1,59,0,3,0,0,12
1,136,2,3,5,0,0
1,62,2,2,0,0,9
1,256,1,2,0,0,10
1,81,1,1,0,0,10
1,63,2,3,7,0,0
1,166,1,2,0,0,3
1,50,0,2,3,0,5
1,83,0,2,3,0,5
1,49,0,2,3,0,5
1,82,0,2,3,0,5
1,93,3,3,7,0,0
1,153,3,3,3,0,0
1,165,2,3,3,0,0
1,67,5,2,0,0,5
1,69,5,2,0,0,5
1,60,0,3,0,0,4
1,70,0,1,0,0,6
1,54,0,3,0,0,4
1,82,1,3,0,0,8
1,84,1,3,0,0,8
1,80,1,3,0,0,8
1,92,1,3,0,0,8
1,80,1,3,0,0,8
1,155,3,3,3,0,0
1,154,3,3,3,0,0
1,94,0,3,3,0,5
1,68,1,3,0,0,2
1,19,0,1,0,0,0
1,125,2,3,5,0,0
1,65,2,3,11,0,0
1,128,0,3,0,0,12
1,53,0,2,0,0,0
1,312,3,5,0,0,5
1,137,3,4,0,0,5
1,240,1,2,0,0,5
1,43,0,3,0,0,2
1,40,0,2,0,0,8
1,240,1,2,0,0,5
1,308,3,4,0,0,5
1,260,1,4,0,0,8
1,240,1,2,0,0,5
1,34,0,3,0,0,2
1,39,0,3,0,0,4
1,30,0,2,0,0,4
1,40,0,3,0,0,5
1,109,1,5,0,0,5
1,52,1,3,0,0,2
1,52,0,2,0,0,0
1,54,0,3,0,0,4
1,42,0,4,0,0,2
1,43,0,4,0,0,2
1,48,0,4,0,0,5
1,70,0,3,7,0,0
1,48,1,2,0,0,0
1,79,2,3,3,0,0
1,32,2,2,4,0,1
1,46,0,2,0,0,0
1,154,0,3,0,0,11
1,150,2,3,12,0,0
1,32,0,1,1,0,4
1,57,0,2,0,0,11
1,39,0,1,0,0,11
1,97,0,3,0,0,9
1,71,1,2,0,0,5
1,51,0,2,0,0,0
1,77,2,3,12,0,0
1,67,1,3,0,0,9
1,32,1,1,2,0,11
1,154,2,1,0,0,4
1,154,2,1,0,0,4
1,65,0,1,0,0,11
1,74,1,1,0,0,5
1,100,0,2,0,0,3
1,154,2,1,0,0,4
1,74,1,1,0,0,5
1,87,1,1,0,0,6
1,48,0,2,0,0,0
1,53,0,2,0,0,0
1,80,3,3,3,0,0
1,52,0,2,0,0,0
1,69,2,3,5,0,0
1,121,1,2,0,0,4
1,93,2,3,6,0,0
1,69,1,3,3,0,0
1,70,1,3,3,0,0
1,69,1,3,3,0,0
1,71,2,3,9,0,0
1,95,2,3,6,0,0
1,118,3,3,6,0,0
1,130,1,3,0,0,6
1,85,1,1,0,0,6
1,126,3,3,6,0,0
1,98,3,3,6,0,0
1,71,1,2,0,0,9
1,89,3,3,3,0,0
1,75,2,3,6,0,0
1,70,3,3,6,0,0
1,111,2,3,7,0,0
1,101,2,3,9,0,0
1,108,2,3,6,0,0
1,66,2,3,11,0,0
1,69,2,3,3,0,0
1,91,1,3,5,0,0
1,126,2,3,5,0,0
1,147,0,3,1,0,4
1,25,0,2,0,0,0
1,76,0,3,1,0,4
1,76,0,3,1,0,4
1,80,0,3,7,0,0
1,140,3,3,3,0,0
1,62,2,3,7,0,0
1,164,2,3,6,0,0
1,70,3,3,5,0,0
1,127,3,3,6,0,0
1,71,2,3,9,0,0
1,71,2,3,11,0,0
1,93,1,3,3,0,0
1,165,2,3,6,0,0
1,90,5,3,3,0,0
1,91,2,3,5,0,0
1,71,2,3,6,0,0
1,74,2,3,5,0,0
1,64,1,3,0,0,7
1,65,0,1,0,0,7
1,170,0,3,6,0,0
1,75,2,3,9,0,0
1,126,3,3,6,0,0
1,44,0,2,0,0,3
1,195,0,2,0,0,5
1,50,0,2,0,0,8
1,146,1,3,3,0,0
1,50,1,1,0,0,2
1,58,1,3,0,0,11
1,69,3,3,3,0,0
1,143,0,3,7,0,0
1,127,3,3,6,0,0
1,93,2,3,6,0,0
1,43,0,2,0,0,0
1,50,1,3,6,0,0
1,144,0,3,7,0,0
1,137,0,3,7,0,0
1,149,0,3,7,0,0
1,49,0,2,0,0,0
1,70,0,2,0,0,6
1,79,2,3,9,0,0
1,45,0,2,0,0,0
1,70,0,2,0,0,6
1,91,1,3,5,0,0
1,78,0,2,0,0,16
1,55,1,3,3,0,0
1,40,0,3,0,0,2
1,61,0,2,0,0,16
1,52,0,2,0,0,0
1,54,1,2,1,0,4
1,40,0,2,0,0,7
1,219,0,2,0,0,16
1,61,0,2,0,0,16
1,219,0,2,0,0,16
1,43,0,2,0,0,0
1,127,3,2,0,0,7
1,32,1,1,0,0,3
1,136,2,4,0,0,3
1,43,0,2,0,0,0
1,50,1,3,6,0,0
1,68,3,3,3,0,0
1,108,1,2,0,0,5
1,42,0,2,0,0,11
1,61,0,2,0,0,16
1,69,2,3,3,0,0
1,70,0,1,0,0,4
1,70,0,2,0,0,4
1,44,0,2,0,0,0
1,66,2,3,3,0,0
1,51,0,2,0,0,0
1,154,2,1,0,0,4
1,79,1,2,0,0,6
1,71,1,2,0,0,9
1,32,1,2,0,0,7
1,156,1,3,9,0,0
1,62,1,3,14,0,0
1,58,0,2,0,0,4
1,62,2,2,0,0,9
1,57,2,1,0,0,9
1,57,2,1,0,0,9
1,61,2,2,0,0,9
1,51,2,2,0,0,9
1,32,0,2,1,0,3
1,18,0,1,0,0,3
1,70,0,2,0,0,8
1,154,2,1,0,0,4
1,45,0,2,0,0,11
1,63,0,2,0,0,10
1,84,0,3,0,0,10
1,59,0,2,0,0,10
1,49,0,1,0,0,10
1,51,0,5,1,0,3
1,34,1,1,3,0,6
1,47,0,4,5,0,4
1,59,0,2,0,0,4
1,70,0,2,0,0,5
1,52,0,5,1,0,3
1,276,4,4,0,0,8
1,126,1,1,0,0,6
1,158,1,3,0,0,6
1,139,1,2,0,0,6
1,158,1,3,0,0,6
1,139,1,2,0,0,6
1,126,1,1,0,0,6
1,125,1,1,0,0,6
1,139,1,2,0,0,6
1,139,1,2,0,0,6
1,110,2,3,0,0,4
1,126,1,1,0,0,6
1,214,0,4,1,0,3
1,83,2,4,0,0,8
1,95,1,1,0,0,13
1,95,1,1,0,0,13
1,63,0,1,0,0,6
1,67,3,3,0,0,8
1,61,2,3,0,0,8
1,61,2,3,11,0,0
1,70,2,3,9,0,0
1,126,0,5,0,0,9
1,42,0,2,0,0,9
1,77,0,2,0,0,15
1,52,0,2,0,0,0
1,56,2,3,3,0,0
1,59,0,2,0,0,7
1,112,2,3,6,0,0
1,147,3,3,6,0,0
1,149,1,3,3,0,0
1,56,2,2,0,0,9
1,57,2,2,0,0,9
1,70,2,3,7,0,0
1,70,2,3,5,0,0
1,50,0,2,0,0,0
1,67,2,3,3,0,0
1,46,0,2,0,0,0
1,45,0,2,0,0,0
1,31,0,2,0,0,2
1,137,0,3,0,0,3
1,66,2,3,0,0,3
1,154,2,1,0,0,4
1,165,2,3,0,0,3
1,137,2,4,0,0,3
1,137,2,4,0,0,3
1,55,0,2,0,0,0
1,81,3,3,6,0,0
1,261,1,3,0,0,5
1,150,1,3,3,0,0
1,74,3,2,0,0,5
1,46,0,2,0,0,0
1,66,2,3,3,0,0
1,49,0,2,0,0,0
1,50,0,2,0,0,0
1,65,2,3,3,0,0
1,98,1,3,1,0,7
1,49,0,2,0,0,0
1,38,0,2,2,0,6
1,76,4,3,7,0,0
1,55,0,2,0,0,0
1,81,3,3,6,0,0
1,227,0,2,0,0,4
1,67,0,2,0,0,4
1,150,2,3,0,0,3
1,100,0,2,0,0,3
1,84,3,1,0,0,16
1,64,0,1,0,0,7
1,74,1,1,0,0,5
1,78,1,2,0,0,5
1,57,0,2,0,0,4
1,21,0,1,0,0,0
1,292,1,16,0,0,11
1,136,2,4,0,0,3
1,38,0,4,0,0,4
1,70,1,3,9,0,0
1,32,1,1,0,0,12
1,95,0,5,0,0,10
1,256,3,1,0,0,14
1,55,0,1,0,0,5
1,91,1,1,0,0,5
1,126,0,3,0,0,9
1,51,0,3,0,0,7
1,72,0,2,0,0,10
1,70,0,3,0,0,9
1,70,0,4,0,0,12
1,70,0,4,0,0,12
1,179,0,3,0,0,4
1,63,1,2,0,0,3
1,28,0,1,0,0,8
1,210,0,3,0,0,12
1,72,2,3,12,0,0
1,55,1,1,0,0,13
1,60,1,4,0,0,2
1,87,1,5,0,0,2
1,87,0,4,0,0,12
1,87,0,4,0,0,12
1,43,0,1,0,0,8
1,50,1,3,0,0,4
1,87,0,4,0,0,12
1,238,1,4,0,0,8
1,98,1,1,0,0,8
1,30,0,1,0,0,4
1,55,0,2,0,0,0
1,50,0,2,0,0,0
1,72,2,3,7,0,0
1,89,1,2,0,0,8
1,234,1,3,0,0,8
1,25,0,1,1,0,4
1,21,0,1,0,0,0
1,52,0,2,0,0,0
1,73,3,3,9,0,0
1,68,1,3,0,0,8
1,234,1,3,0,0,8
1,234,1,3,0,0,8
1,81,2,3,0,0,5
1,54,0,2,1,0,4
1,54,1,2,1,0,4
1,51,0,2,1,0,4
1,45,0,2,0,0,0
1,84,0,2,0,0,6
1,87,1,2,0,0,8
1,208,0,2,0,0,9
1,46,1,2,0,0,0
1,104,1,3,11,0,0
1,35,1,1,0,0,4
1,94,0,1,0,0,6
1,53,0,3,0,0,9
1,236,0,4,0,0,12
1,236,0,4,0,0,12
1,94,0,1,0,0,6
1,236,0,4,0,0,12
1,236,0,4,0,0,12
1,66,2,3,6,0,0
1,111,2,3,7,0,0
1,214,0,4,0,0,9
1,70,1,3,12,0,0
1,73,1,3,0,0,6
1,214,0,4,0,0,9
1,214,0,4,0,0,9
1,214,0,4,0,0,9
1,214,0,4,0,0,9
1,33,0,1,0,0,7
1,75,2,1,0,0,5
1,211,0,3,0,0,8
1,80,1,1,0,0,6
1,40,1,2,0,0,4
1,49,0,2,0,0,9
1,81,1,1,0,0,4
1,113,1,3,0,0,4
1,48,1,2,0,0,3
1,113,2,3,6,0,0
1,63,0,2,0,0,10
1,56,0,2,0,0,10
1,145,2,3,9,0,0
1,156,1,3,9,0,0
1,83,1,4,0,0,9
1,92,1,4,0,0,9
1,75,1,1,0,0,6
1,75,2,1,0,0,5
1,75,2,1,0,0,5
1,78,0,2,0,0,11
1,66,0,1,0,0,2
1,65,0,1,0,0,11
1,48,0,2,0,0,0
1,38,1,2,3,0,0
1,42,0,2,0,0,0
1,49,1,3,5,0,0
1,73,0,2,0,0,2
1,54,0,2,0,0,2
1,70,0,4,0,0,11
1,29,0,2,0,0,7
1,42,0,2,0,0,11
1,83,1,1,0,0,8
1,62,1,1,0,0,13
1,50,0,2,0,0,0
1,72,2,3,9,0,0
1,49,1,1,0,0,6
1,82,1,1,0,0,6
1,155,1,3,12,0,0
1,129,2,3,12,0,0
1,48,0,2,0,0,0
1,50,1,1,0,0,6
1,81,1,1,0,0,6
1,82,1,1,0,0,6
1,81,1,1,0,0,6
1,82,1,1,0,0,6
1,81,1,1,0,0,6
1,79,4,3,7,0,0
1,54,0,2,0,0,0
1,46,1,2,0,0,2
1,31,0,2,0,0,5
1,82,1,1,0,0,6
1,37,0,3,0,0,5
1,29,0,3,0,0,1
1,89,0,3,3,0,0
1,98,0,5,0,0,10
1,60,0,4,0,0,3
1,59,0,4,0,0,3
1,37,0,3,0,0,3
1,82,4,3,7,0,0
1,97,1,3,7,0,0
1,34,0,3,10,1,12
1,56,2,1,0,0,4
1,52,0,1,0,0,4
1,505,0,2,1,0,7
1,46,1,2,0,0,7
1,155,2,3,3,0,0
1,70,2,3,9,0,0
1,132,4,3,3,0,0
1,715,0,3,0,0,7
1,517,0,3,1,0,7
1,40,0,3,3,0,0
1,148,2,3,11,0,0
1,110,2,3,7,0,0
1,69,1,3,7,0,0
1,87,6,3,7,0,0
1,71,2,3,11,0,0
1,70,2,3,3,0,0
1,70,0,3,6,0,0
1,129,2,3,11,0,0
1,143,3,3,3,0,0
1,144,2,3,12,0,0
1,107,1,3,12,0,0
1,102,3,3,3,0,0
1,58,2,4,0,0,8
1,49,0,2,0,0,5
1,46,1,2,1,0,0
1,50,0,2,1,0,4
1,53,0,2,1,0,4
1,56,2,2,1,0,4
1,48,0,2,1,0,4
1,49,0,2,1,0,4
1,44,1,3,4,0,1
1,29,1,2,4,0,1
1,33,0,2,0,0,0
1,34,0,2,0,0,0
1,39,0,3,0,0,2
1,59,0,2,0,0,8
1,42,0,2,0,0,6
1,48,1,2,0,0,0
1,31,0,1,0,0,6
1,44,0,3,0,0,8
1,47,0,3,0,0,4
1,28,0,1,0,0,6
1,68,0,2,0,0,6
1,90,4,3,3,0,0
1,118,0,6,3,0,3
1,257,1,2,0,0,5
1,147,4,3,3,0,0
1,131,4,3,3,0,0
1,158,3,3,3,0,0
1,36,0,3,0,0,7
1,30,0,2,5,0,3
1,33,0,1,0,0,10
1,39,0,2,3,0,0
1,86,0,5,3,0,3
1,102,0,6,0,0,10
1,54,0,2,0,0,0
1,74,4,3,3,0,0
1,72,3,3,3,0,0
1,116,1,4,0,0,3
1,128,2,3,12,0,0
1,53,1,3,3,0,0
1,87,4,3,0,0,23
1,51,0,2,0,0,0
1,42,0,2,0,0,0
1,86,2,8,0,1,7
1,49,1,4,0,0,7
1,46,0,2,0,0,0
1,54,0,2,0,0,0
1,78,3,3,7,0,0
1,44,0,2,0,0,0
1,65,2,3,5,0,0
1,73,0,3,0,0,10
1,30,0,2,5,0,0
1,43,0,2,0,0,6
1,67,0,3,0,0,5
1,69,0,4,3,0,3
1,148,2,3,11,0,0
1,160,1,3,11,0,0
1,72,2,3,11,0,0
1,37,0,2,0,0,6
1,33,0,1,0,0,6
1,32,0,1,0,0,6
1,100,1,3,7,0,0
1,65,0,3,0,0,9
1,47,0,3,0,0,6
1,46,0,3,0,0,6
1,45,0,2,0,0,6
1,98,1,1,0,0,9
1,139,0,3,1,0,3
1,139,0,3,1,0,3
1,127,0,2,1,0,3
1,139,0,3,1,0,3
1,49,0,3,0,0,6
1,47,0,3,0,0,6
1,111,2,2,0,0,5
1,37,0,2,0,0,6
1,49,0,1,0,0,7
1,67,1,2,0,0,11
1,75,0,2,0,0,11
1,74,0,2,0,0,11
1,74,0,2,0,0,11
1,75,0,2,0,0,11
1,57,0,2,0,0,7
1,56,0,2,0,0,7
1,74,0,2,0,0,11
1,75,0,2,0,0,11
1,69,1,2,0,0,11
1,75,0,2,0,0,11
1,74,0,2,0,0,11
1,75,0,2,0,0,11
1,58,0,2,0,0,7
1,72,0,3,0,0,10
1,82,1,2,0,0,3
1,34,0,1,0,0,5
1,64,1,2,0,0,8
1,117,1,1,0,0,10
1,71,2,3,11,0,0
1,166,2,3,7,0,0
1,87,0,3,6,0,0
1,91,1,3,5,0,0
1,78,1,6,0,0,7
1,34,0,3,0,0,1
1,73,0,2,0,0,8
1,87,1,1,0,0,6
1,54,0,2,0,0,5
1,49,0,2,0,0,0
1,64,0,3,0,0,7
1,52,1,3,3,0,0
1,54,0,2,0,0,4
1,75,0,1,0,0,9
1,103,3,3,0,0,4
1,167,2,3,7,0,0
1,39,0,1,0,0,11
1,57,0,2,0,0,0
1,48,0,2,0,0,0
1,57,0,2,0,0,0
1,56,0,2,0,0,0
1,83,3,3,7,0,0
1,57,0,2,0,0,7
1,49,0,2,0,0,6
1,42,0,2,0,0,6
1,52,0,2,0,0,0
1,81,4,3,7,0,0
1,43,0,2,1,0,4
1,81,4,3,7,0,0
1,57,0,2,0,0,0
1,75,0,1,0,0,2
1,102,1,2,0,0,10
1,61,0,2,0,0,2
1,54,0,1,0,0,6
1,107,0,2,0,0,4
1,101,2,3,3,0,0
1,95,0,4,6,0,10
1,83,3,1,0,0,16
1,84,3,1,0,0,16
1,100,4,3,7,0,0
1,144,2,3,11,0,0
1,65,2,3,3,0,0
1,75,0,3,2,0,6
1,85,0,6,0,0,14
1,38,0,4,0,0,3
1,66,2,3,11,0,0
1,53,0,3,0,0,3
1,52,0,3,0,0,3
1,152,0,3,0,0,8
1,146,0,3,0,0,8
1,78,0,2,0,0,3
1,75,0,1,0,0,11
1,75,0,1,0,0,11
1,74,0,1,0,0,11
1,74,0,1,0,0,11
1,75,0,1,0,0,11
1,74,0,1,0,0,11
1,70,1,1,0,0,2
1,66,0,1,0,0,2
1,172,1,2,0,0,3
1,70,0,1,0,0,4
1,69,0,1,0,0,4
1,66,0,1,0,0,2
1,66,0,1,0,0,2
1,65,0,1,0,0,2
1,65,0,1,0,0,2
1,66,0,1,0,0,2
1,66,0,1,0,0,2
1,66,0,1,0,0,2
1,99,1,3,11,0,0
1,73,0,2,0,0,8
1,46,0,1,0,0,4
1,32,0,1,0,0,4
1,51,0,2,0,0,7
1,42,0,2,0,0,5
1,70,0,3,0,0,7
1,54,0,3,0,0,7
1,48,0,2,0,0,12
1,126,0,3,0,0,3
1,49,0,2,0,0,8
1,115,1,1,0,0,7
1,71,3,2,3,0,0
1,52,0,2,0,0,6
1,39,1,3,0,0,1
1,35,1,1,0,0,11
1,36,1,1,0,0,11
1,70,2,4,0,0,8
1,96,1,3,0,0,8
1,69,0,3,6,0,0
1,41,0,1,0,0,10
1,55,1,1,0,0,32
1,149,1,3,3,0,0
1,48,0,2,0,0,10
1,70,1,2,0,0,9
1,83,1,3,0,0,4
1,50,3,2,0,0,0
1,62,0,2,0,0,0
1,51,0,2,0,0,0
1,108,0,2,0,0,6
1,72,0,2,0,0,6
1,91,1,3,0,0,10
1,32,0,1,0,0,7
1,67,0,2,0,0,8
1,54,1,3,0,0,6
1,50,0,3,1,0,8
1,31,0,3,0,0,5
1,54,0,3,1,0,8
1,53,0,3,1,0,8
1,40,1,3,0,0,1
1,36,1,2,0,0,1
1,32,1,2,0,0,1
1,67,0,2,0,0,8
1,77,2,3,7,0,0
1,60,3,3,5,0,0
1,56,0,3,1,0,8
1,55,0,3,1,0,8
1,70,2,3,6,0,0
1,46,0,4,0,0,0
1,54,0,2,0,0,0
1,48,0,2,0,0,0
1,69,3,4,3,0,3
1,51,0,2,0,0,0
1,72,2,3,11,0,0
1,49,0,2,0,0,0
1,95,1,3,7,0,0
1,80,3,3,3,0,0
1,133,3,3,6,0,0
1,70,3,3,6,0,0
1,70,2,3,6,0,0
1,89,3,3,3,0,0
1,47,0,3,0,0,9
1,75,1,1,0,0,6
1,69,2,3,11,0,0
1,142,2,3,11,0,0
1,70,2,3,3,0,0
1,110,2,3,6,0,0
1,82,2,3,3,0,0
1,101,1,3,16,0,0
1,69,2,3,6,0,0
1,27,0,1,0,0,9
1,58,2,3,3,0,0
1,159,2,3,3,0,0
1,155,1,3,7,0,0
1,146,1,3,5,0,0
1,71,2,3,11,0,0
1,71,2,3,3,0,0
1,91,2,3,5,0,0
1,69,2,3,5,0,0
1,103,1,3,11,0,0
1,60,1,3,3,0,0
1,71,2,3,7,0,0
1,140,2,3,7,0,0
1,54,1,3,4,0,0
1,108,1,3,3,0,0
1,76,2,3,5,0,0
1,149,1,3,3,0,0
1,69,2,3,3,0,0
1,137,2,3,3,0,0
1,43,0,2,0,0,5
1,161,2,4,0,0,6
1,136,4,2,0,0,11
1,153,1,3,11,0,0
1,141,2,3,11,0,0
1,167,2,3,7,0,0
1,169,2,4,0,0,6
1,49,0,1,0,0,12
1,101,3,3,7,0,0
1,49,0,2,0,0,10
1,89,4,3,7,0,0
1,70,1,3,0,0,6
1,85,0,2,0,0,5
1,84,0,2,0,0,5
1,125,3,3,5,0,0
1,91,2,3,5,0,0
1,45,1,2,0,0,3
1,77,0,2,0,0,3
1,160,2,3,5,0,0
1,70,1,3,11,0,0
1,71,2,3,11,0,0
1,166,2,3,7,0,0
1,70,0,2,0,0,8
1,31,0,2,0,0,9
1,57,0,2,0,0,7
1,76,2,3,11,0,0
1,56,1,2,0,0,5
1,55,1,2,0,0,5
1,20,0,1,0,0,5
1,94,1,3,0,0,9
1,74,1,2,0,0,2
1,66,1,3,3,0,0
1,45,0,3,0,0,6
1,275,0,15,0,0,5
1,86,2,3,3,0,0
1,87,2,3,3,0,0
1,56,0,2,0,0,5
1,64,2,2,0,0,9
1,70,2,2,0,0,9
1,69,2,2,0,0,9
1,50,0,2,0,0,0
1,74,3,3,10,0,0
1,120,1,2,0,0,5
1,74,2,3,0,0,9
1,82,4,3,7,0,0
1,54,1,3,3,0,0
1,41,1,2,1,0,4
1,56,2,2,0,0,10
1,54,0,2,0,0,0
1,99,2,3,5,0,0
1,52,0,2,0,0,0
1,72,2,3,12,0,0
1,64,0,3,0,0,8
1,49,0,2,0,0,0
1,78,2,3,20,0,0
1,57,0,2,0,0,0
1,83,3,3,7,0,0
1,156,1,3,7,0,0
1,70,2,3,5,0,0
1,70,1,3,7,0,0
1,46,0,3,0,0,8
1,48,0,3,0,0,8
1,204,0,3,0,0,8
1,63,0,3,0,0,8
1,57,1,3,0,0,7
1,54,0,2,0,0,13
1,51,0,2,0,0,10
1,62,0,3,3,0,0
1,69,3,3,6,0,0
1,70,2,3,3,0,0
1,70,2,3,3,0,0
1,69,0,2,0,0,3
1,72,0,2,0,0,3
1,70,3,3,5,0,0
1,63,2,3,7,0,0
1,71,0,2,0,0,10
1,37,0,2,0,0,10
1,82,2,3,6,0,0
1,130,1,11,0,0,5
1,152,1,11,0,0,5
1,129,1,11,0,0,5
1,41,0,3,0,0,2
1,289,0,16,0,0,3
1,284,0,15,0,0,3
1,64,1,3,0,0,4
1,68,1,4,0,0,4
1,27,0,2,0,0,0
1,38,0,2,0,0,3
1,64,0,1,0,0,7
1,75,1,1,0,0,5
1,138,2,3,3,0,0
1,137,2,3,3,0,0
1,96,1,4,0,0,6
1,138,2,3,3,0,0
1,74,0,2,2,0,8
1,70,2,3,11,0,0
1,148,2,3,11,0,0
1,70,2,3,5,0,0
1,127,3,3,5,0,0
1,96,1,3,9,0,0
1,152,1,3,9,0,0
1,52,0,2,0,0,6
1,72,2,3,6,0,0
1,53,0,2,0,0,6
1,70,1,3,3,0,0
1,71,2,3,11,0,0
1,71,2,3,11,0,0
1,71,2,3,11,0,0
1,70,2,3,11,0,0
1,103,1,3,0,0,10
1,62,0,2,0,0,3
1,151,0,3,0,0,6
1,157,2,3,3,0,0
1,110,3,3,7,0,0
1,100,1,3,6,0,0
1,70,2,3,5,0,0
1,94,2,3,5,0,0
1,218,0,2,0,0,3
1,221,0,2,0,0,3
1,160,0,3,0,0,6
1,75,2,3,5,0,0
1,69,3,3,5,0,0
1,22,0,1,0,0,4
1,45,0,3,0,0,4
1,107,1,1,0,0,11
1,70,3,3,0,0,14
1,156,1,3,7,0,0
1,99,0,4,0,0,4
1,47,0,3,1,0,4
1,46,0,3,1,0,4
1,97,3,3,6,0,0
1,98,3,3,6,0,0
1,70,1,3,11,0,0
1,75,0,3,0,0,7
1,83,1,1,0,0,11
1,70,0,3,0,0,7
1,142,2,3,3,0,0
1,143,2,3,11,0,0
1,97,1,3,11,0,0
1,70,1,3,7,0,0
1,34,0,1,0,0,5
1,43,0,2,0,0,6
1,83,0,3,8,0,0
1,71,0,3,8,0,0
1,70,2,3,5,0,0
1,70,1,2,12,0,0
1,97,1,3,9,0,0
1,52,1,4,0,0,10
1,61,0,5,0,0,3
1,70,3,3,5,0,0
1,156,1,3,7,0,0
1,132,2,3,11,0,0
1,45,2,2,0,0,0
1,66,2,3,3,0,0
1,54,0,2,0,0,0
1,75,2,3,11,0,0
1,50,0,7,0,0,2
1,737,0,3,0,0,7
1,145,2,2,0,0,5
1,74,1,1,0,0,5
1,133,5,13,0,0,3
1,84,1,2,0,0,27
1,54,0,1,0,0,13
1,156,18,1,0,0,17
1,94,1,3,13,0,0
1,93,0,3,0,0,5
1,72,3,3,3,0,0
1,44,0,3,0,0,5
1,20,0,1,0,0,4
1,59,4,2,0,0,14
1,143,4,3,0,0,14
1,58,3,2,0,0,14
1,142,2,3,11,0,0
1,141,2,3,11,0,0
1,56,0,2,0,0,0
1,69,4,3,7,0,0
1,66,1,2,0,0,6
1,55,1,1,0,0,6
1,142,2,3,11,0,0
1,154,1,3,11,0,0
1,98,2,3,5,0,0
1,57,0,4,0,0,6
1,57,3,3,0,0,17
1,37,0,5,0,0,3
1,60,0,2,0,0,6
1,67,1,6,0,0,6
1,105,1,7,0,0,6
1,65,0,1,0,0,7
1,66,0,1,0,0,7
1,66,0,1,0,0,7
1,66,0,1,0,0,7
1,66,0,1,0,0,7
1,59,0,3,0,0,7
1,109,2,3,6,0,0
1,89,2,3,7,0,0
1,69,2,3,3,0,0
1,68,3,3,0,0,19
1,108,3,4,0,0,19
1,104,3,4,0,0,19
1,88,3,4,0,0,19
1,64,1,3,0,0,4
1,53,0,3,0,0,3
1,72,1,2,0,0,7
1,84,0,2,0,0,10
1,84,0,2,0,0,10
1,60,1,1,0,0,7
1,91,1,3,4,0,0
1,83,0,2,0,0,16
1,113,1,3,0,0,7
1,105,1,3,0,0,7
1,59,1,1,0,0,7
1,105,1,3,0,0,7
1,62,0,2,0,0,6
1,87,1,2,0,0,7
1,38,0,2,0,0,5
1,62,0,4,0,0,11
1,92,2,3,5,0,0
1,70,1,3,9,0,0
1,72,0,1,0,0,10
1,89,0,6,1,0,3
1,70,3,3,7,0,0
1,163,1,3,12,0,0
1,145,4,3,7,0,0
1,31,0,1,0,0,7
1,57,0,1,0,0,5
1,60,1,3,0,0,9
1,49,0,2,0,0,9
1,48,1,2,0,0,9
1,54,0,2,0,0,0
1,69,2,3,5,0,0
1,166,3,3,7,0,0
1,154,4,3,7,0,0
1,51,0,2,0,0,0
1,72,2,3,7,0,0
1,76,0,2,0,0,4
1,64,0,1,0,0,7
1,74,1,1,0,0,5
1,62,2,3,5,0,0
1,75,2,1,0,0,5
1,63,0,2,0,0,6
1,154,1,3,7,0,0
1,26,0,1,0,0,6
1,45,0,2,0,0,0
1,102,3,3,7,0,0
1,146,4,3,7,0,0
1,93,2,3,5,0,0
1,101,1,3,7,0,0
1,171,1,4,0,0,7
1,156,4,3,7,0,0
1,50,1,3,5,0,0
1,49,0,2,0,0,0
1,57,0,2,0,0,0
1,175,1,4,0,0,7
1,51,0,1,0,0,8
1,50,0,1,0,0,8
1,73,0,2,0,0,8
1,48,2,2,0,0,8
1,126,1,1,0,0,6
1,126,1,1,0,0,6
1,126,1,1,0,0,6
1,32,0,2,0,0,5
1,75,0,1,0,0,11
1,75,0,1,0,0,11
1,74,0,1,0,0,11
1,73,0,1,0,0,11
1,74,0,1,0,0,11
1,74,0,1,0,0,11
1,73,0,1,0,0,11
1,74,0,1,0,0,11
1,68,0,3,0,0,6
1,40,1,2,3,0,0
1,72,2,3,7,0,0
1,165,2,3,6,0,0
1,87,3,2,0,0,16
1,53,0,2,0,0,11
1,90,4,3,7,0,0
1,100,1,3,6,0,0
1,99,1,3,6,0,0
1,175,1,3,0,0,4
1,175,1,3,0,0,4
1,49,0,1,0,0,11
1,88,3,2,0,0,16
1,70,1,3,3,0,0
1,145,4,3,7,0,0
1,179,1,3,0,0,4
1,179,1,3,0,0,4
1,64,2,3,3,0,0
1,66,3,3,3,0,0
1,71,3,3,3,0,0
1,70,2,3,0,0,8
1,70,2,3,0,0,8
1,143,0,3,0,0,3
1,668,0,2,3,0,5
1,131,1,11,0,0,5
1,83,1,6,0,0,5
1,137,1,12,0,0,5
1,123,2,2,0,0,5
1,51,0,3,0,0,6
1,129,1,1,0,0,4
1,68,0,3,0,0,17
1,166,2,3,6,0,0
1,150,1,3,3,0,0
1,70,1,3,4,0,0
1,70,0,3,3,0,0
1,92,4,3,2,0,3
1,123,2,2,0,0,5
1,136,2,3,0,0,5
1,54,1,3,0,0,7
1,76,1,1,0,0,6
1,81,1,1,0,0,6
1,80,1,1,0,0,6
1,72,0,1,0,0,10
1,165,2,3,6,0,0
1,85,1,2,0,0,6
1,179,1,3,0,0,4
1,147,1,4,0,0,4
1,143,1,4,0,0,4
1,50,1,2,0,0,6
1,70,0,2,0,0,8
1,61,0,2,0,0,8
1,166,3,3,7,0,0
1,70,3,3,7,0,0
1,72,2,3,3,0,0
1,115,1,2,0,0,4
1,89,0,1,0,0,7
1,89,0,1,0,0,7
1,107,0,7,0,0,11
1,190,2,7,0,0,4
1,193,2,7,0,0,4
1,192,3,7,0,0,4
1,31,1,2,0,0,4
1,194,2,7,0,0,6
1,35,1,2,0,0,6
1,83,1,3,0,0,8
1,108,0,7,0,0,11
1,73,0,2,0,0,5
1,55,0,3,0,0,5
1,59,0,2,0,0,3
1,418,1,11,1,0,5
1,75,0,1,0,0,7
1,75,0,1,0,0,7
1,75,0,1,0,0,7
1,245,1,13,0,1,5
1,108,1,4,8,0,10
1,158,1,3,16,0,0
1,48,0,2,0,0,0
1,56,0,2,0,0,0
1,82,3,3,6,0,0
1,74,2,3,16,0,0
1,74,0,1,0,0,4
1,97,3,1,0,0,4
1,55,0,2,0,0,7
1,75,0,1,0,0,11
1,39,0,1,0,0,5
1,54,1,1,0,0,13
1,153,1,3,9,0,0
1,74,1,1,0,0,2
1,58,1,1,0,0,6
1,54,0,2,0,0,13
1,51,1,3,0,0,5
1,56,1,2,0,0,4
1,64,0,2,0,0,7
1,147,1,3,5,0,0
1,75,0,1,0,0,11
1,34,0,1,0,0,3
1,36,0,1,0,0,3
1,155,4,3,7,0,0
1,50,3,1,0,0,16
1,84,3,1,0,0,16
1,84,3,1,0,0,16
1,83,3,1,0,0,16
1,44,0,2,0,0,7
1,31,0,1,0,0,0
1,50,0,1,0,0,9
1,49,0,1,0,0,9
1,71,0,2,0,0,3
1,54,0,2,0,0,9
1,56,0,1,0,0,14
1,57,0,1,0,0,14
1,74,1,1,0,0,6
1,75,1,1,0,0,6
1,75,2,1,0,0,5
1,74,1,1,0,0,5
1,42,0,2,0,0,4
1,75,0,3,0,0,11
1,46,1,2,0,0,7
1,42,0,3,0,0,3
1,43,0,3,0,0,6
1,30,0,1,0,0,3
1,52,0,2,0,0,10
1,53,0,2,1,0,12
1,72,2,1,0,0,3
1,66,0,1,0,0,2
1,65,0,1,0,0,2
1,73,0,2,0,0,2
1,74,0,1,0,0,11
1,74,0,1,0,0,11
1,74,0,1,0,0,11
1,74,1,1,0,0,6
1,75,1,1,0,0,6
1,74,2,1,0,0,5
1,75,2,1,0,0,5
1,39,0,1,0,0,7
1,75,0,3,0,0,11
1,101,1,1,0,0,20
1,100,1,1,0,0,20
1,81,1,1,0,0,13
1,27,0,1,0,0,5
1,36,0,2,0,0,5
1,31,0,2,0,0,5
1,72,0,1,0,0,10
1,43,0,1,0,0,4
1,85,1,2,0,0,13
1,70,0,3,6,0,0
1,51,1,1,0,0,9
1,48,1,2,0,0,7
1,129,3,3,5,0,0
1,202,2,3,3,0,0
1,94,1,3,13,0,0
1,70,3,3,3,0,0
1,96,1,3,9,0,0
1,145,3,3,3,0,0
1,109,2,3,5,0,0
1,62,1,3,8,0,0
1,78,1,2,0,0,2
1,141,2,3,3,0,0
1,90,1,3,5,0,0
1,98,1,6,0,0,11
1,95,1,6,0,0,11
1,273,1,14,0,0,9
1,150,1,3,3,0,0
1,157,3,3,7,0,0
1,70,1,3,13,0,0
1,70,1,2,3,0,7
1,40,0,1,0,0,8
1,137,4,2,0,0,11
1,71,2,1,0,0,10
1,86,4,3,7,0,0
1,51,0,2,0,0,0
1,66,2,3,3,0,0
1,171,1,3,5,0,0
1,138,2,3,7,0,0
1,72,3,4,0,0,19
1,154,3,3,7,0,0
1,55,0,2,0,0,0
1,75,0,2,0,0,8
1,75,0,2,0,0,8
1,42,0,2,0,0,8
1,172,3,3,7,0,0
1,227,0,2,0,0,8
1,146,4,3,7,0,0
1,87,0,3,0,0,8
1,87,0,3,0,0,8
1,47,0,4,0,0,2
1,40,1,3,0,0,5
1,176,3,4,0,0,19
1,172,3,4,0,0,19
1,39,1,2,0,0,4
1,146,3,3,3,0,0
1,153,1,3,9,0,0
1,52,0,2,0,0,6
1,54,0,2,2,0,9
1,18,0,1,0,0,1
1,67,1,2,0,0,9
1,180,3,4,0,0,19
1,176,3,4,0,0,19
1,43,1,2,1,0,0
1,44,0,2,0,0,0
1,62,0,3,1,0,6
1,50,0,2,0,0,0
1,74,4,3,7,0,0
1,74,3,3,3,0,0
1,85,0,1,0,0,12
1,85,0,1,0,0,12
1,85,0,1,0,0,12
1,66,3,3,0,0,19
1,52,0,6,1,0,2
1,44,0,1,0,0,8
1,45,0,2,0,0,0
1,159,1,3,3,0,0
1,70,2,4,0,0,5
1,44,0,1,0,0,12
1,85,0,1,0,0,12
1,84,1,1,0,0,9
1,85,0,1,0,0,12
1,49,0,2,1,0,5
1,93,6,8,0,1,4
1,90,1,2,0,0,8
1,90,1,2,0,0,8
1,61,0,1,0,0,6
1,46,0,2,0,0,0
1,72,2,3,6,0,0
1,66,1,2,0,0,6
1,47,0,2,0,0,0
1,52,1,3,1,0,3
1,48,0,2,0,0,0
1,64,2,3,4,0,0
1,74,4,3,7,0,0
1,55,1,2,0,0,6
1,47,2,2,0,0,6
1,68,2,7,0,1,4
1,123,0,10,0,0,1
1,84,0,2,0,0,13
1,242,0,2,0,0,13
1,36,0,2,0,0,2
1,190,2,12,0,0,6
1,34,1,2,0,0,8
1,186,2,11,0,0,6
1,33,0,2,0,0,4
1,35,0,2,0,0,4
1,64,0,1,0,0,7
1,54,0,3,0,0,2
1,146,2,2,0,0,7
1,39,0,1,2,0,6
1,34,0,1,0,0,4
1,63,0,3,0,0,15
1,51,1,1,0,0,9
1,169,2,5,0,0,2
1,72,4,3,3,0,0
1,50,1,3,0,0,2
1,85,2,3,3,0,0
1,86,2,3,3,0,0
1,48,1,1,0,0,8
1,81,1,1,0,0,3
1,64,0,1,0,0,3
1,64,0,1,0,0,3
1,84,1,1,0,0,9
1,170,2,11,0,0,6
1,74,1,1,0,0,5
1,70,3,3,3,0,0
1,52,0,4,0,0,5
1,171,2,3,5,0,0
1,222,0,3,0,0,13
1,121,1,2,0,0,10
1,40,0,2,0,0,8
1,70,0,6,0,0,3
1,17,0,1,0,0,1
1,282,0,14,0,0,5
1,295,0,15,0,0,5
1,282,0,14,0,0,5
1,289,0,14,0,0,5
1,285,0,15,0,0,5
1,72,0,3,1,0,8
1,277,1,15,0,0,8
1,43,0,2,0,0,1
1,37,0,2,0,0,3
1,43,0,2,0,0,0
1,49,1,3,5,0,0
1,69,1,1,0,0,7
1,54,0,2,0,0,0
1,95,2,3,0,0,8
1,46,0,3,0,0,3
1,150,2,4,0,0,3
1,50,0,2,7,0,7
1,50,0,2,0,0,0
1,44,0,2,0,0,0
1,51,1,3,5,0,0
1,82,0,1,0,0,16
1,51,0,2,0,0,8
1,210,0,3,0,0,7
1,210,0,3,0,0,7
1,72,0,1,0,0,10
1,155,1,3,13,0,0
1,63,1,2,0,0,7
1,73,0,2,0,0,8
1,81,0,1,0,0,16
1,78,0,3,0,0,7
1,51,0,2,0,0,8
1,41,0,1,0,0,8
1,105,2,4,0,0,8
1,70,2,3,5,0,0
1,71,2,3,13,0,0
1,18,0,1,0,0,4
1,50,0,2,3,0,7
1,86,0,3,0,0,6
1,39,0,1,0,0,6
1,57,0,3,0,0,9
1,53,0,2,1,0,3
1,38,1,2,0,0,3
1,24,0,2,0,0,4
1,80,4,3,11,0,2
1,53,0,2,0,0,9
1,89,0,1,0,0,7
1,60,0,2,0,0,7
1,142,3,3,3,0,0
1,153,2,3,3,0,0
1,41,0,2,0,0,7
1,19,0,1,0,0,0
1,87,0,3,3,0,0
1,209,0,5,1,0,3
1,60,1,2,0,0,6
1,83,1,2,0,0,6
1,20,0,1,0,0,2
1,52,0,1,0,0,4
1,42,0,4,1,0,3
1,209,0,5,1,0,3
1,72,1,1,0,0,6
1,73,1,1,0,0,6
1,68,0,2,0,0,3
1,99,4,3,7,0,0
1,52,3,2,0,0,5
1,48,1,4,0,0,3
1,71,1,2,0,0,9
1,213,0,4,1,0,3
1,42,0,2,0,0,6
1,87,1,3,0,0,5
1,82,1,2,0,0,5
1,37,1,2,0,0,7
1,83,1,2,0,0,5
1,205,0,4,1,0,3
1,71,1,2,0,0,9
1,41,0,2,0,0,6
1,69,2,3,7,0,0
1,50,0,2,0,0,7
1,99,1,3,14,0,0
1,98,2,3,5,0,0
1,69,4,3,7,0,0
1,96,1,2,0,0,11
1,67,4,3,2,0,3
1,69,2,3,2,0,3
1,143,3,3,3,0,0
1,154,2,3,3,0,0
1,152,2,3,12,0,0
1,268,0,15,0,0,8
1,52,0,2,0,0,9
1,79,2,3,12,0,0
1,27,0,2,0,0,4
1,249,2,2,0,0,6
1,249,2,2,0,0,6
1,249,2,2,0,0,6
1,249,2,2,0,0,6
1,28,0,2,0,0,4
1,59,1,1,0,0,9
1,26,1,2,0,0,2
1,56,0,2,0,0,0
1,114,0,4,0,0,6
1,117,0,3,0,0,16
1,36,0,1,0,0,9
1,30,0,1,0,0,9
1,249,2,2,0,0,6
1,226,1,2,0,0,9
1,88,0,1,0,0,7
1,115,0,4,0,0,6
1,82,0,2,0,0,6
1,66,2,3,5,0,0
1,47,0,2,0,0,10
1,66,0,1,0,0,2
1,70,0,1,0,0,4
1,54,0,2,0,0,0
1,69,2,3,9,0,0
1,51,0,2,0,0,4
1,47,0,3,0,0,9
1,56,0,3,0,0,9
1,48,0,2,7,0,0
1,69,0,3,3,0,0
1,41,0,3,0,0,8
1,43,0,3,0,0,8
1,59,0,2,4,0,3
1,61,0,2,0,0,16
1,224,1,2,0,0,4
1,224,1,2,0,0,4
1,58,1,2,0,0,4
1,67,0,1,0,0,16
1,52,0,2,0,0,4
1,21,0,1,0,0,0
1,51,0,3,0,0,11
1,47,0,2,0,0,11
1,52,0,2,0,0,9
1,49,0,2,0,0,6
1,62,0,2,0,0,16
1,55,0,3,0,0,7
1,143,4,3,7,0,0
1,142,4,3,7,0,0
1,55,1,3,0,0,0
1,40,3,1,1,0,14
1,60,1,3,9,0,0
1,51,0,2,0,0,0
1,63,2,3,5,0,0
1,63,0,4,1,0,4
1,70,4,3,7,0,0
1,122,2,6,0,0,7
1,128,0,3,0,0,7
1,58,1,2,0,0,8
1,60,1,3,0,0,8
1,52,0,1,0,0,3
1,46,0,2,0,0,8
1,34,0,1,0,0,8
1,67,1,3,0,0,8
1,71,1,4,0,0,8
1,74,1,1,0,0,5
1,81,0,1,0,0,5
1,34,0,2,0,0,2
1,74,1,1,0,0,5
1,53,0,3,0,0,12
1,146,4,2,5,0,16
1,157,3,2,5,0,16
1,39,0,2,0,0,2
1,35,0,3,0,0,2
1,76,1,5,0,0,4
1,56,0,2,0,0,7
1,44,0,2,0,0,4
1,93,1,3,0,0,5
1,70,2,3,3,0,0
1,132,0,9,0,0,3
1,65,1,3,3,0,0
1,141,0,3,0,0,10
1,82,0,2,0,0,10
1,114,2,3,0,0,3
1,77,1,4,3,0,0
1,141,0,3,0,0,10
1,28,0,2,0,0,5
1,45,0,3,0,0,11
1,64,0,1,0,0,3
1,72,0,1,0,0,10
1,153,1,3,3,0,0
1,47,0,2,0,0,11
1,67,0,4,0,0,1
1,73,0,2,0,0,3
1,73,0,2,0,0,3
1,46,0,3,0,0,11
1,81,1,2,0,0,7
1,48,0,2,0,0,7
1,214,0,3,3,0,0
1,92,3,4,1,0,5
1,47,0,2,0,0,7
1,66,0,1,0,0,7
1,113,3,6,1,0,4
1,58,0,3,1,0,2
1,70,2,3,0,0,0
1,100,2,3,3,0,0
1,58,4,1,0,0,7
1,66,0,1,0,0,7
1,35,0,1,0,0,7
1,50,0,2,4,0,7
1,44,0,1,0,0,11
1,44,1,1,0,0,12
1,61,0,2,0,0,14
1,49,0,2,0,0,0
1,200,0,2,0,0,7
1,65,2,3,0,0,4
1,34,0,1,0,0,5
1,53,0,2,0,0,0
1,54,0,2,0,0,0
1,55,2,2,0,0,4
1,39,0,1,0,0,6
1,34,0,2,0,0,7
1,94,1,1,0,0,13
1,45,0,1,0,0,11
1,46,0,2,0,0,0
1,29,1,2,0,0,8
1,69,0,1,0,0,8
1,79,0,2,1,0,3
1,79,0,2,1,0,3
1,79,0,2,1,0,3
1,47,0,2,0,0,0
1,56,0,2,0,0,0
1,71,1,2,0,0,9
1,79,0,2,1,0,3
1,41,0,2,2,0,3
1,31,0,2,1,0,5
1,57,0,3,0,0,9
1,47,0,2,0,0,9
1,57,0,3,0,0,9
1,57,0,3,0,0,9
1,57,0,3,0,0,9
1,83,1,2,0,0,5
1,70,0,3,0,0,7
1,44,1,3,0,0,3
1,85,0,6,0,0,14
1,66,0,5,0,0,14
1,21,0,1,0,0,0
1,92,1,3,0,0,5
